-- one ward
INSERT INTO location (location_id, name, last_updated, status, description, type) VALUES (9999999, 'Sussex Ward', 'Sat Feb 23 2019 13:27:53 GMT+0000', 'active', 'Testing area', 'Ward');

-- two contacts and their patients
INSERT INTO contact (contact_id, prefix, fullname, given, phone, family) VALUES (9999999, 'Mr', 'George Keith Brian Fitzgerald', 'George', '07585000211', 'Fitzgerald');
INSERT INTO contact (contact_id, prefix, fullname, given, phone, family) VALUES (9999998, 'Miss', 'Chloe Bryson', 'Chloe', '07483910234', ' Bryson');
-- two patients
INSERT INTO patient (patient_id, active, fullname, given, prefix, gender, last_updated, family, contact_id) VALUES (9999999, true, 'Harry Fitzgerald', 'Harry', 'Mr', 'male', 'Sat Feb 23 2019 21:21:47 GMT+0000', 'Fitzgerald', 9999999);
INSERT INTO patient (patient_id, active, fullname, given, prefix, gender, last_updated, family, contact_id) VALUES (9999998, true, 'James Fitzgerald', 'James', 'Mr', 'male', 'Sat Feb 22 2019 21:21:47 GMT+0000', 'Fitzgerald', 9999998);

-- encounters for each patient to put in to a ward
INSERT INTO encounter (last_updated, class, status, patient_id, location_id) VALUES ('Sat Feb 23 2019 21:21:47 GMT+0000', 'admission', 'finished', 9999999, 9999999);
INSERT INTO encounter (last_updated, class, status, patient_id, location_id) VALUES ('Sat Feb 22 2019 21:21:47 GMT+0000', 'admission', 'finished', 9999998, 9999999);


-- two observations per patient

-- readings for harry
INSERT INTO observation (observation_id, last_updated, name, value) VALUES (9999991, 'Sat Feb 23 2019 21:21:47 GMT+0000', 'respiratory_rate', 13);
INSERT INTO observation (observation_id, last_updated, name, value) VALUES (9999992, 'Sat Feb 23 2019 21:21:47 GMT+0000', 'oxygen_saturation', 100);
INSERT INTO observation (observation_id, last_updated, name, value) VALUES (9999993, 'Sat Feb 23 2019 21:21:47 GMT+0000', 'supplemental_oxygen', 'off');
INSERT INTO observation (observation_id, last_updated, name, value) VALUES (9999994, 'Sat Feb 23 2019 21:21:47 GMT+0000', 'body_temperature', 37.1);
INSERT INTO observation (observation_id, last_updated, name, value) VALUES (9999995, 'Sat Feb 23 2019 21:21:47 GMT+0000', 'systolic_bp', 120);
INSERT INTO observation (observation_id, last_updated, name, value) VALUES (9999996, 'Sat Feb 23 2019 21:21:47 GMT+0000', 'heart_rate', 60);
INSERT INTO observation (observation_id, last_updated, name, value) VALUES (9999997, 'Sat Feb 23 2019 21:21:47 GMT+0000', 'level_of_consciousness', 'A');

INSERT INTO observation (observation_id, last_updated, name, value) VALUES (9999998, 'Sat Feb 23 2019 21:21:47 GMT+0000', 'respiratory_rate', 14);
INSERT INTO observation (observation_id, last_updated, name, value) VALUES (9999999, 'Sat Feb 23 2019 21:21:47 GMT+0000', 'oxygen_saturation', 101);
INSERT INTO observation (observation_id, last_updated, name, value) VALUES (9999910, 'Sat Feb 23 2019 21:21:47 GMT+0000', 'supplemental_oxygen', 'off');
INSERT INTO observation (observation_id, last_updated, name, value) VALUES (9999911, 'Sat Feb 23 2019 21:21:47 GMT+0000', 'body_temperature', 37.2);
INSERT INTO observation (observation_id, last_updated, name, value) VALUES (9999912, 'Sat Feb 23 2019 21:21:47 GMT+0000', 'systolic_bp', 121);
INSERT INTO observation (observation_id, last_updated, name, value) VALUES (9999913, 'Sat Feb 23 2019 21:21:47 GMT+0000', 'heart_rate', 63);
INSERT INTO observation (observation_id, last_updated, name, value) VALUES (9999914, 'Sat Feb 23 2019 21:21:47 GMT+0000', 'level_of_consciousness', 'A');

INSERT INTO diagnostic_report (last_updated, patient_id, respiratory_rate, oxygen_saturation, supplemental_oxygen, body_temperature, systolic_bp, heart_rate, level_of_consciousness) VALUES ('Sat Feb 23 2019 21:21:47 GMT+0000', 9999999, 9999991, 9999992, 9999993, 9999994, 9999995, 9999996, 9999997);
INSERT INTO diagnostic_report (last_updated, patient_id, respiratory_rate, oxygen_saturation, supplemental_oxygen, body_temperature, systolic_bp, heart_rate, level_of_consciousness) VALUES ('Sat Feb 23 2019 21:21:47 GMT+0000', 9999999, 9999998, 9999999, 9999910, 9999911, 9999912, 9999913, 9999914);

-- readings for james
INSERT INTO observation (observation_id, last_updated, name, value) VALUES (9999915, 'Sat Feb 22 2019 21:21:47 GMT+0000', 'respiratory_rate', 13);
INSERT INTO observation (observation_id, last_updated, name, value) VALUES (9999916, 'Sat Feb 22 2019 21:21:47 GMT+0000', 'oxygen_saturation', 100);
INSERT INTO observation (observation_id, last_updated, name, value) VALUES (9999917, 'Sat Feb 22 2019 21:21:47 GMT+0000', 'supplemental_oxygen', 'off');
INSERT INTO observation (observation_id, last_updated, name, value) VALUES (9999918, 'Sat Feb 22 2019 21:21:47 GMT+0000', 'body_temperature', 37.1);
INSERT INTO observation (observation_id, last_updated, name, value) VALUES (9999919, 'Sat Feb 22 2019 21:21:47 GMT+0000', 'systolic_bp', 120);
INSERT INTO observation (observation_id, last_updated, name, value) VALUES (9999920, 'Sat Feb 22 2019 21:21:47 GMT+0000', 'heart_rate', 60);
INSERT INTO observation (observation_id, last_updated, name, value) VALUES (9999921, 'Sat Feb 22 2019 21:21:47 GMT+0000', 'level_of_consciousness', 'A');

INSERT INTO observation (observation_id, last_updated, name, value) VALUES (9999922, 'Sat Feb 22 2019 21:21:47 GMT+0000', 'respiratory_rate', 17);
INSERT INTO observation (observation_id, last_updated, name, value) VALUES (9999923, 'Sat Feb 22 2019 21:21:47 GMT+0000', 'oxygen_saturation', 101);
INSERT INTO observation (observation_id, last_updated, name, value) VALUES (9999924, 'Sat Feb 22 2019 21:21:47 GMT+0000', 'supplemental_oxygen', 'off');
INSERT INTO observation (observation_id, last_updated, name, value) VALUES (9999925, 'Sat Feb 22 2019 21:21:47 GMT+0000', 'body_temperature', 37.2);
INSERT INTO observation (observation_id, last_updated, name, value) VALUES (9999926, 'Sat Feb 22 2019 21:21:47 GMT+0000', 'systolic_bp', 110);
INSERT INTO observation (observation_id, last_updated, name, value) VALUES (9999927, 'Sat Feb 22 2019 21:21:47 GMT+0000', 'heart_rate', 69);
INSERT INTO observation (observation_id, last_updated, name, value) VALUES (9999928, 'Sat Feb 22 2019 21:21:47 GMT+0000', 'level_of_consciousness', 'A');

INSERT INTO diagnostic_report (last_updated, patient_id, respiratory_rate, oxygen_saturation, supplemental_oxygen, body_temperature, systolic_bp, heart_rate, level_of_consciousness) VALUES ('Sat Feb 23 2019 21:21:47 GMT+0000', 9999998, 9999915, 9999916, 9999917, 9999918, 9999919, 9999920, 9999921);
INSERT INTO diagnostic_report (last_updated, patient_id, respiratory_rate, oxygen_saturation, supplemental_oxygen, body_temperature, systolic_bp, heart_rate, level_of_consciousness) VALUES ('Sat Feb 23 2019 21:21:47 GMT+0000', 9999998, 9999922, 9999923, 9999924, 9999925, 9999926, 9999927, 9999928);

INSERT INTO practitioner (practitioner_id, name, added, username, account_type, permissions) VALUES (999999, 'Harry', '2019-04-21 19:55:17.075+01', 'up780461@myport.ac.uk', 'google', '["view:allpatients","edit:permissions","delete:patients","add:patients","add:wards","add:vitals","add:user","edit:link"]');

-- history for harry
INSERT INTO patient_history (
	history_id,
	childhood_illnesses,
	immunisations,
	medical_issues,
	surgical_operations,
	other_hospitalisations,
	allergies,
	exercise_frequency,
	dieting,
	difficulties_eating,
	meals_daily,
	drinks_alcohol,
	tobacco_used_past_5_years,
	uses_recreational_drugs,
	mental_health_history,
	social_history,
	family_history,
	relevant_history,
	patient_id,
	practitioner_id,
	date,
	practitioner_designation,
	signature_blob
) VALUES (
	999999,
	'["chickenpox"]',
	'["MMR", "Meningitis"]',
	'[]',
	'[]',
	'["Broken arm"]',
	'["Shellfish", "Dairy", "Penicillin"]',
	'sedentary',
	false,
	false,
	3,
	false,
	false,
	false,
	'prone to breakdowns over university projects',
	'none',
	'glaucoma runs on mothers side',
	'none',
	9999999,
	999999,
	'2019-04-21 19:55:17.075+01',
	'developer',
	'data:image/png;base64,iVBORw0KGgoAAAANSUhEUgAAAr0AAAFfCAYAAABDQHTMAAAgAElEQVR4Xu2dB7Q1RZWF96iAEVEMIAZGUDErmBWMYEDBgGAWDJjGxIg5oWLAnDALYxhUYETMoqKOOuacMCNgRAyYRZ21h+qhKbvv61S3Onxnrbve+9/flb7qd9++p0+d8y/CIAABCEAAAhCAAAQgMHMC/zLz9bE8CEAAAhCAAAQgAAEICNHLTQABCEAAAhCAAAQgMHsCiN7ZbzELhAAEIAABCEAAAhBA9HIPQAACEIAABCAAAQjMngCid/ZbzAIhAAEIQAACEIAABBC93AMQgAAEIAABCEAAArMngOid/RazQAhAAAIQgAAEIAABRC/3AAQgAAEIQAACEIDA7Akgeme/xSwQAhCAAAQgAAEIQADRyz0AAQhAAAIQgAAEIDB7Aoje2W8xC4QABCAAAQhAAAIQQPRyD0AAAhCAAAQgAAEIzJ4Aonf2W8wCIQABCEAAAhCAAAQQvdwDEIAABCAAAQhAAAKzJ4Donf0Ws0AIQAACEIAABCAAAUQv9wAEIAABCEAAAhCAwOwJIHpnv8UsEAIQgAAEIAABCEAA0cs9AAEIQAACEIAABCAwewKI3tlvMQuEAAQgAAEIQAACEED0cg9AAAIQgAAEIAABCMyeAKJ39lvMAiEAAQhAAAIQgAAEEL3cAxCAAAQgAAEIQAACsyeA6J39FrNACEAAAhCAAAQgAAFEL/cABCAAAQhAAAIQgMDsCSB6Z7/FLBACEIAABCAAAQhAANHLPQABCEAAAhCAAAQgMHsCiN7ZbzELhAAEIAABCEAAAhBA9HIPQAACEIAABCAAAQjMngCid/ZbzAIhAAEIQAACEIAABBC93AMQgAAEIAABCEAAArMngOid/RazQAhAAAIQgAAEIAABRC/3AAQgAAEIQAACEIDA7Akgeme/xSwQAhCAAAQgAAEIQADRyz0AAQhAAAIQgAAEIDB7Aoje2W8xC4QABCAAAQhAAAIQQPRyD0AAAhCAAAQgAAEIzJ4Aonf2W8wCIQABCEAAAhCAAAQQvdwDEIAABCAAAQhAAAKzJ4Donf0Ws0AIQAACEIAABCAAAUQv9wAEIAABCEAAAhCAwOwJIHpnv8UsEAIQgAAEIAABCEAA0cs9AAEIQAACEIAABCAwewKI3tlvMQuEAAQgAAEIQAACEED0cg9AAAIQgAAEIAABCMyeAKJ39lvMAiEAAQhAAAIQgAAEEL3cAxCAAAQgAAEIQAACsyeA6J39FrNACEAAAhCAAAQgAAFEL/cABCAAAQhAAAIQgMDsCSB6Z7/FLBACEIAABCAAAQhAANHLPQABCEAAAhCAAAQgMHsCiN7ZbzELhAAEIAABCEAAAhBA9HIPQAACEIAABCAAAQjMngCid/ZbzAIhAAEIQAACEIAABBC93AMQgAAEIAABCEAAArMngOid/RazQAhAAAIQgAAEIAABRC/3AAQgAAEIQAACEIDA7Akgeme/xSwQAhCAAAQgAAEIQADRyz0AAQhAAAIQgAAEIDB7Aoje2W8xC4QABCAAAQhAAAIQQPR2vwd2l7SXpC0lHSfppd27oiUEIAABCEAAAhCAQEoCiN5udHeR9NGo6e0lvaNbd7SCAAQgAAEIQAACEEhJANHbje4jJL0waup/H9CtO1pBAAIQyE7Afw/2lPRESReR9BxJr8g+KyYAAQhAYCACiN5uIO8m6c1R03dK2qNbd7SCAAQgkI3AdSXtI+mukraKZvFQSS/LNjMGhgAEIDAgAURvN5jXkfTpqOk3JV2pW3e0ggAEILBWAjsGoesP8JdcMfI/JN1R0jFrnR2DQQACEEhAANHbDeqFJf0yavpXSZt2645WEIAABJITuGoQuneXtG2L0c6QdGtJH2zRhkshAAEIjI4Aorf7lvxc0kWj5ttJ+n73LmkJAQhAYFACO5SE7uV69PwnSTeV9KkefdAUAhCAQFYCiN7u+D8p6fpR81tK+kD3LmkJAQhAoDcBf/h2jK5fV2vZm726v5O0RUU7//yGkr7Ssk8uhwAEIDAKAoje7tvwBkn3jJo/RNKh3bukJQQgAIFOBC5dEro7tezh75I+Iumtko6U5FCtT9QI5tMkXU/Sd1qOweUQgAAEshOYo+i9saT9Q+jB9yR9W9IJ4esPJP1tIOpPlnRQ1BdpywaCSzcQgMCGBC4hae8gdi1E25gPqH08CF2L3VOjxj634P+/YkWnPwkeX7+fYhCAAAQmQ2Buove8kvyGvHnNDtiDEQvhQhT/rOWukbasJTAuhwAEehO4WKgE6dCFnSW1fQ93TK5F7lsk/XSD2fjMwmdqDr2dJMmpzvx+i0EAAhCYBIG2b5hjX9RdJB3RcZK/jbzChXf4W5L+WNEnacs6gqYZBCDQioBLnTttmIWuD5Odo1Vr6QtB5Pq98eSWbS8V0jNuXdHOIQ72MDvkAYMABCAwegJzE733kPTGBNT/IMmnl/3H43BJnwuPA+NHgqQtSwCfLiGwQAI+SObS5ha6u0o6Z0sGXw0eXRfR+WHLtvHlzvpgD7FDHmLzoTYfbvMhNwwCEIDAqAnMTfT6Tfmzki67Bur2DJ9H0ibRWKQtWwN8hoDADAmcP5QBttC9VcV7y0ZL9lMphy5Y6A590MxZIHy4zXOMzYL45pLsHMAgAAEIjJbA3ESvQdsjcs1QHe3ykq4gqfi62Rp2wl7g9wdvsAX4KWsYM9UQrtr0YEnnlvQmSe9LNRD9QmChBHwO4bbBo7u7pLbvUT6jYKHrV+pUYg5l+JAkzzm2jwWP9F8Wuo8sGwIQmACBOYreOuxeq+PTykK4+N7ViVKx8GERC2ELYH91+eK4mtsYb5VtJH0jOhTozBj+44ZBAALdCfhDpCuc2aO7R3hi1Ka3EyW9LQjdz7dpOMC1u0g6rqb65HvCeobKkDPAdOkCAhCAwFkEUgm9qTG2d8VhCWWvcCGIL5JgMT8qiWALYZ+QdrjEmOwBkl4ZTYiUbGPaIeYyJQIuUb5bELqO1a0KE1i1nh+XhG7uqmi3kXRsTZyxPc53leSUaBgEIACBURFA9G68HU5/tqck1613XsxrS/LBjqHZfTfyCFsM54yR+zdJL43wvEzSQzdGxhUQgICkc4VYV3t077QilWIdLKdRPCp4dJ0zd0xC0mtyNoiq98HXhFzp3AQQgAAERkVgaOE2qsUlnIyFsKsePTAkh08xlKsk+WBKOTTii5L+nGKwij4RvWsCzTCzIuB0Yg4Dsih04YgLtVydQ5+ODkLXVdL8PjBWu7+kV9dM7nmSDhzrxJkXBCCwTAKI3n777tyZ/gNVtm+GfL/XkuS42CHtDElfC0K4EMM+vOKfD22I3qGJ0t+cCdxE0kvCUyDH7LaxX0s6Jghdx8tOKSa26n2iWPsTJD2zDQiuhQAEIJCSAKK3H12nFXpv1MUHJN0y/GyrEA5hAeyXTz9X5brsMwt7fr8cCWEfQOvrIUL09tkV2i6JgEMXHIbQxk4PcbGOgXVWFOf4nqodLOnxNZN/saRHTHVhzBsCEJgXAURvv/10GdA4m4Fj7/zzOrtMEMAWwY4P9quubHLX2dlT5KwRTp1m8VpVUW6jvhG9GxHi/yEgXT1kZGmSaswx+u8KHt13rzFUaR375DAHhztUmUM9nG0CgwAEIJCVAKK3H37H9TrMoGyu2uafNzXvgTNHWPwWHmF/rcqF2bTP8nX2IDm3pj3SfjVNWo/o7UKbNksi4CI4zrziMsF15kqO/r2zR/edmQ+nptwbv4/5YJsFbmxfCrnTU45P3xCAAAQ2JIDo3RDRyguuGHLZli86QdIO/bqVD8O4j8Ib7K8uuNHEm7TR0E5mXwjg41d4gRG9G5Hk/5dMwJlcPinJT25ic5YFe3ItdN8u6fcLAeXCQP7Q7+ptZfOH7lsshAHLhAAERkwA0dtvc/wHL65rf5KkS/frtrK10x9dJRLC/uPin3c1e6F8QrzKC/w0SU+KOnZVtnt2HYx2EJgJgS1CSINzecfmQ2mO3feH3yXawyQ5jrdsh0p6yBJhsGYIQGBcBBC9/fbDhSt+EXXhlEMpClpUzdSeX8cUFmER1+/pZS57ge9V8ajS1Z88FgaBpRJw2JE/KDocKTb/7t8gZG9ZKh+eEC1151k3BCZAANHbb5P8BzB+dOlDY0PF43aZnQX3PYI4vU5IodSlHx+G8+PKsn214tFll75pA4EpEvBTFacUc3qy2HxIzYLXmVSWbIjeJe8+a4fAyAkgevtvUFWVpDFx9WEblw29taSbSWqbQ7RMyBkh7itpVSxwf6L0AIHxEXCcvTMQOD1ZbH8JaQrtAV66IXqXfgewfgiMmMCYxNmIMa2cmj0854muOP9ID69Y8LpaVCGCXU65i62KBe7SH20gMHYCh0nat2KSzoftMuVORYadmSKR8uXcCRCAwCgJIHr7b8upFSmLLlYR69t/pOF7GMoL3DQjxPAroEcIpCfwdElPrBlmP0mHp5/CZEZA9E5mq5goBJZHANHbf89PrMjWsK0k/3xKhhd4SrvFXNdF4IGSXlEz2GMlPWddE5nIOIjeiWwU04TAEgkgevvv+jcrMiZcuSJ/b/+R1tuDvcCfHiATBV7g9e4bow1H4K6S3iyp6n2S8rrVnBG9w91/9AQBCAxMANHbH6jTeO0YdeN0RnGltv4jrb8Hl1iOSyqfImmbjlMhFrgjOJqtncBukt5TkcHEE3HlsbutfUbTGBDRO419YpYQWCQBRG//bf9vSTeKuvFhMQvGqZsrSu0dLcLFKVyJaoiMEHiBp36HzHP+Tj3mKmJVmU58YO32kpzSD/tnAohe7goIQGC0BBC9/bfmfSFdUbknpwfzz6duL5T0iGgRj5F0SOlnxAJPfZeZf5mAQ5P+R9IFKrD4w95NJTlFGVZNANHLnQEBCIyWAKK3/9b8l6Q7RN04l6d/PnU7MBK4Xs+LJD1yxcKGygjxO0n2BDv90Rsk/XXqMJn/6AlcKoQlOftKbC464VCf00e/irwTRPTm5c/oEIDACgKI3v63x5sk3T3qxiV839i/6+w9uLJbvA4n6N+n4cyG8gI7F/Ix4YPEeyX53xgEhiRgoWsPrz+0xfZ9Sa5u6DLD2GoCiF7uEAhAYLQEEL39t+bVku4fdeM0R6/q33X2HlzBzbGNZft4xeG2phMdwgvsMs8OHbEn/VhJv206ONdBoIaAQxkseB3aENuPJV1P0knQa0QA0dsIExdBAAI5CCB6+1Ovins9QJJ/PnW7YkXqNYccbD/AwobwAjvkwaLcAvjtklwoBINAGwK+D30P+fBabL+WdF1J327T4cKvRfQu/AZg+RAYMwFEb//dOVjS46NuXL3JP5+6XVCS//CX7QxJmyRYWOEFvq2kXSWdo+UYLgfrTBoWwEdJsocOg8AqAucMacmcniw2h9DcRNJnQdiKAKK3FS4uhgAE1kkA0duf9kskPTTq5lBJD+nf9Sh6sDf1XNFMtpD0m4SzO09g6tRvTge3ecux/hHESiGA7Z3GIFAm4Pc+F55wAYrY/MHOH7w+ArLWBBC9rZHRAAIQWBcBRG9/0j7YdeeoG1cycxzgHOy7kraLFnIlSa5Etw6z4HaaKGfEcJaMqpP1G83ja5KODl7gr2x0Mf+/CAIuLezY+9j8xMC5qX2/YO0JIHrbM6MFBCCwJgKI3v6gD5L05KgbC0ILwzlYVVW2W1QccFvHWh3ycENJd5S0l6RLdhjUXt9CAPvDCbY8Ag4/enrNsveTdPjykAy2YkTvYCjpCAIQGJoAorc/UZcc/kzUjVMcxd7R/iPl6aGuKptTteW2nYIAtqf9ch0m45LKPgBnEex4YKpsdYA4sSb7SjqsZs5PkfS0ia1nbNNF9I5tR5gPBCDw/wQQvf1vBqc7itNmWTxtNhMRVZWH+LmSHt0f3aA92LPuEAh7ga/RoWdnfnhHEMAfpBhGB4Ljb+L7w+FIVYckXynpQeNfwuhniOgd/RYxQQgslwCid5i9/6mki0ddXV7Sd4bpPmsvzoRgsVA2e0V3yTqr1YP/axC/FsDXl9T2PveHmHdRDGPEO9x+as7EcFzFoUz3ZE+/nxb4ACTWjwCitx8/WkMAAgkJtBUDCacy6a4/WiECnXrr3ZNe1ZmT9+PeJ0Xr+Lyka01kbVuHA3AWwBY+TlPVxiiG0YbWOK91CJIzMZy3YnofkLS7JGdswPoTQPT2Z0gPEIBAIgKI3mHAvkbS/aKu/l3SC4bpPmsve4YSwOVJ+PG/UzpNzbaUtEfwAjs366YtF0AxjJbARnC5n7j4wKLT7MXmHLx+YvGnEcxzLlNA9M5lJ1kHBGZIANE7zKYeKOmQqCuXIa5KiTTMiOvrZWdJzuBQtk+E/Lnrm8XwIzkW2x4+e4BvI+l8LYegGEZLYBkuv5SkT0m6RMXYXw/3cFx8JcM0ZzUkondW28liIDAvAojeYfbT3kMfgiqbH6c6v+zU7cqSnOe2bHNKyeZ1uRTtLYMAtmfblejaGMUw2tBaz7X26juriiv9xXZSCM/5+XqmsqhREL2L2m4WC4FpEUD0DrNfO1QUa3AZ3G2G6T5rL1tJ+kk0g59J8s/naBTDmP6u2ovvw5ZXr1iKha4PNzqtIDY8AUTv8EzpEQIQGIgAoncYkD4c9eeKQ1L2IPrnUzbfI36UXzZ7NqvSPk15nVVzpxjG9HbUcdrHS7pBxdRPD4LXoQ1YGgKI3jRc6RUCEBiAAKJ3AIihC6cn2z7qzsUTvjDcENl6+l1FzOvmkiwilmQUwxj3bvvD5zGSnDklNh9Wu7mkT457CZOfHaJ38lvIAiAwXwKI3uH21unJfCCqbHeV9JbhhsjW04mSLh2Nvq0k/3yp1rcYhp8AfFfSyyW9eiaFTHLfC/8pyb9zsblYjH83nZ4MS0sA0ZuWL71DAAI9CCB6e8CLmjo92SOjnz1V0kHDDZGtpy9WVDnbUZJ/jkl9i2G4GtzrJL02CGGYtifwnJoqgQ7FubukI9p3SYsOBBC9HaDRBAIQWA8BRO9wnJ2e7BVRd/Y8+Q/u1O1Dkm4WLcJ5ep2vFzs7gb7FMD4u6fWS3irpD8BtRODhkl5Uc6VLC7vEMLYeAoje9XBmFAhAoAMBRG8HaDVNnJ7sw9H/fU6Sq0FN3Y6UtFe0iH0kvW3qC0s8/z7FMBxHbb4WwM6LjFUTcDiDP1xW2cGSngi4tRJA9K4VN4NBAAJtCCB629Bafa3Tk50cXeKDXj7wNXWzp+wB0SLwoLXb1aIYhkWaD1q1yX7x7SB+D5NEbtmzuLvq4XMlVb2PHS5pv3ZbxNUDEED0DgCRLiAAgTQEEL3DcvUJ8c2iLv24+6fDDrP23p4p6XHRqPag2ZOGtSdw/lDBz9kEXCa3qflA1nuDAH6npDOaNpzhdVeU5NRjVe9hR0vauyLV3gwxjG5JiN7RbQkTggAECgKI3mHvBacnu2bU5U0kfXTYYdbe26OCR608sA/u2dOG9SOwXfBI2itZVS63rvdfSHpjOAD3jX5TmGTrqt81L+Q4SbtNckXzmDSidx77yCogMEsCiN5ht9XpyRzrWrb9Jb1m2GHW3psFmWNLy8bj42G3weEOLoV8H0kuhbxJi+5dbtf749jWJeRO3qXmg+QpwXPOAcAWN8/AlyJ6BwZKdxCAwHAEEL3DsXRPTk/25KjL50k6cNhh1t6bRZiT/pft2CDO1j6ZBQzoA3D3kHRfSVdtsd4/SvKjfQvgj0hyuq65md+zvibJeZLL5lAP55KOS2bPbf1jXw+id+w7xPwgsGACiN5hN9/pyd4UdenYyz2GHWbtve0s6WPRqM4ocKO1z2R5A7oKnL2/vrcu2GL5P5Dkg28WwPaAzsXuH4p5xOtxysBXzWWRE17HYyU9K5o/IScT3lCmDoE5EUD0DrubTk/mR81lO0HSDsMOs/berhy8a+WBv1nhbVv7xBY04Lkl3SEIYB+Aa/q7+/eQT9ni9+2S/jJhZs6A8T1JF43W8KWKWPoJL3PSU3fubt+fvFdMehuZPATmSaDpH855rn74VfmP8m+jbn3i3hkd/HWqtlXFY+OfSfLPsfUTuIykfUP4w6VaDH+apDeHGPOvtmg3lkufL+mAislcT9KnxzLJBc/D739+XzhPxOBdkm63YC4sHQIQGAkBRO/wG+H0ZBePunVaqu8MP9TaevR9Yo9h2Rwv2ibX7Nomu6CBvC+ulOfwhztVpMtbhcIlpO39dTjOryfAbHtJzlIRH/CbS9XDCWzBhlP0BxJ/MCmb3zecw3zqaRs3XDwXQAAC4yeA6B1+j5yezKfLy+ZiBO8efqi19ugKYeeLRnThjSVkC1gr6I6DbSHJhS8sgK/Voo8/h0OKFsCOvRzr4Td7C3eP1uUsDRbDHF5rseGJLj2XpB8GgVse4sWSHpFoTLqFAAQg0IoAorcVrkYXOz3Z/aIrnc/WeW2nbCeG0/HlNWwryT/HxkXAGR8sfu8l6cItpnaSJKeie93I9nVXSR+oWMdTJD2txfq4NB2Bu4XQmfII9vI6o8acDlKmI0jPEIBAcgKI3uEROz3ZIVG3PlXu0+VTNj8Ov0a0gB0l+efYOAlsGmIpLYBv1SIcxd5epzyz99cp0JwKLZedU9K3gke3PAd7d/9Vkj3VWH4CX5Z0tWgab5V0l/xTYwYQgAAEziSA6B3+TnB6sndE3VpA3HT4odba44dC/Gh5UHvgfFobGz8Bx1XeOxx+u2yL6f5GkouuWADHmUladNP50odLelFFaxeBeVvnXmk4JAG/t324osOrS/rKkAPRFwQgAIE+BBC9fehVt3V6MqfzKtuPK2Ldhh85bY9HStorGgLhkZZ5qt4dc27v750lnbfFIF8P4vcNkk5t0a7rpRcKYRbOClA2i+/rdu2UdoMT8HmF20S9Oq/3jQcfiQ4hAAEI9CCA6O0Br6apH8f6kau/ls15Vqf8KPaVkh4QrelBkvxzbJoELCb9wcUC+PotluDwh59LOl7SeyR9TpLzUccZPlp0WXnpoZJ8j5XNYzusxrl5sfwErhA+5Md/S/zEy4V5MAhAAAKjIYDoTbMVTk/mU+Vlc2WtL6QZbi29vlSSS4yW7bWSXCELmz4BP6Gw+HUIxMU6LOf3Ib7785L86iuEXWbY5Ybj9yjuuQ6bk7CJDz36vimbPwBdccSZQBLioGsIQGDMBBC9aXan6nGf00k5NnKqdlTIBVuev8VNm/RYU137kubt1FN+VG0h41R78ROLNiz6COGq1H9Oj7edpF+0mQTXJiPgD0fO+OEDk2XbPxRASTYwHUMAAhDoQgDR24Xaxm2cnuyR0WVPlXTQxk1He0VVNSxiK0e7XYNMzEVW7hlS8Pkx9hDWRAjfMWSNiMdzZpTnDTEJ+hiEwDMkPSHqyWEvrhI45XLXg8ChEwhAYHwEEL1p9sTpyV4RdT31ylEObXCIQ9mOkOT8nNj8CbjUr2O6LYL7eH+rSJWFsGN1nylp6+jC70pyyMNf5496Eit0qWHn3/Vhw7KRO3kS28ckIbBMAojeNPtelcLHMY53kGSPmV87h5dL+foRoTM8jNmc5irOw/n9BackukjIyOHsB/7j7zKrf5N0RulV/Lvu5762/H9Nvm/aZtV1q/5vo3vQ63W5Waejcj++JxwPnLok9YMlOd/10IflNlov/19NoOpDsL27W0n6FdAgAAEIjJEAonf4XfGJ+BuFU+3D906PEEhLIBbETUS2hehmki4qyaWpbf730O8vTUIj0tKhdxPwBxx73l0cpGx+uuUPJxgEIACBURIY+o/SKBeZYFJ+vOs3fHtsL1/y3vrf8WPZBMPTJQQgEAhYlPuA27cl+bClxZizp/hFXGma2+ROgXW5d6eS8yHDH6QZkl4hAAEI9CeA6F3N0J6rWNT635eT5FPuGAQgMF4CDhdxRTkX04gPlo531uOfmQ+wXjua5tsl+QAiBgEIQGC0BBC9Zz6GdU7dIta2+OpDM8Wj2tFuIBODAAQaEXicpGc3upKLVhG4oaSPV1zgkK5PgA4CEIDAmAksRfR6ndtEwrbw4G6bIPawbs/9CNCPXZ283Y9jbS7n+r0JnEp37ta4EIWrcb1mzDd44rldMBzc+WLIaGDvv18Of9no+6GvK4/ZtO+qNnN9TyCn9DC/DPbo3j7q6rOSrjNM9/QCAQhAIB2Buf2B8yGycjhC8b2rA7kM8LrsZ6Hk8KWjAU8OOSzXNY8hx6k6rf0ySQ8dchD6yk6gj2B2W6c2+7WkTSRtUXr5A0L538X36/q9PFbSntnpTnsCPsfgD+jx3429avIqT3u1zB4CEJgdgSmK3rEcIvtjODRjr2359Q1Jv5NkD3J8qMOHbhxOMcW0S4je2f36j2JBR0qyaIrNBV5cea0Qx31E858k+QMoldz6bbmzMzgHedn8HufwsCm+p/WjQWsIQGByBMYsesdwiMzhCM6hWxa1Dkvwv3/UoLa8PV7+Y1025zX96uTuFAnRO8FNG/mU/Zjcj8tjOybktG4yfXuKyx7kXcK/XTzBT36cH/uVTTrimpUEXITCuajjksN+X3g57CAAAQhMgUBu0TuWQ2Q+4V2I2SLe1l+/FcIUuu7l+yXtFjXeT9LhXTvM2A7RmxH+TIe2uI1DDuwx9GN0f6jExkPgyRVl1F2Ewmcl/NQLgwAEIDB6AjlE72Ml7S/pYpJc3Wldc3BogSuIlUVt4cF1DG4KczlVnxov21TjYBG9Ke6QZfd5mKR9IwT+8OkMKth4CNi7ay9vXHL4YElPHM80mQkEIACB1QTWJThdsOFeoVpPfLhr6D2ygC17bQth6wMYztu5TqtK4v4/km6wzkkMNBaidyCQdPP/BKrKdTsTxo4wGhUBOylcArpsLvxxKUk/H9VMmQwEIACBFQRSil6f5L6tpPtI2j2UrhxqMzY6RDbUOH37qTrM9teQSWJqBz8QvX3vBtrHBCya4jCG0yRtCarREPDfCDsM4pLDr5N0v9HMkolAAAIQaEAghbBcAnAAACAASURBVOjdQdJ9w2PLizSYQ90lfQ+R9Rh60KZzOcyG6B30tqCzQMAeQ6c3K5sfo/v3BstP4HaSnO6tbH5vdhpIP0XDIAABCEyGwFCi9/yS9gli9/otV396ODBWhCEUoQl9D5G1nEayy+dymA3Rm+wWWXTH/n13We+yXUPSlxdNZTyL/6gkZ8Qo27vDU7zxzJKZQAACEGhAoK/odelJe3X3DofSGgz5f5dY4Lqalw91+XDZnG0uh9kQvXO+S/Ot7ThJt4iGdyqzd+SbEiMHAk6vWPXh42aSjocSBCAAgakR6CJ6i0NpjudyUvKm5seVR0h6fcid2bTd1K+by2E2RO/U78Rxzt9lrOPY0EdIevE4p7uoWb01ODTKi/6KpKsvigKLhQAEZkOgqejteijNsV/2CFjoHtUz5+1Uoc/lMBuid6p34Ljn7ZRXT4+m+EJJB4x72rOfnfPv+pDhOaKV3i04L2YPgAVCAALzI7CR6O16KM1VzFyAwSd8T5wfttYrmsNhNkRv622nQQMC95D0xug6V2m7Y4O2XJKOwIskPTzq/pRQznlqmWfSUaJnCEBgUgSqRG/XQ2k+he04PAtdx+nxxnjWrTCHw2yHSDowurvfJOmek7rjmezYCPhcwH9Hk/qCpJ3GNtEFzcflm53v3KWcy2bvu73wGAQgAIFJEiiLXntWnh3yMTqcoak5xsvhC/9BmqFaZHM4zOZ47LtEK/y8pGs1vVG4DgIVBMjVO77bwlUznxVNy1l2Lk7J4fFtFjOCAASaEyhEr0/jfqh5s//LobnEQ2ktEJ3t0jkcZqt63PlNSVfqCoV2EAgEyNU7nlvBDg+HMbhMfNmeK+nR45kmM4EABCDQnkAheo+RtGfD5q4o9hNJPw712F2T3f/21/h7X4tJczjMdj1JLqFcNk5yc3cPQYBcvUNQHKaPfSUdFnV1hs58D7MYxiAAAQhMlkAheu3ltbd3SHPmBnuE7cXxCWCXsvxEiBVzvXbHjPnl7/2au0Ce+mG2rcKHm/I94jW5ehYGgT4EyNXbh96wbV0U6ApRlz5oeK9hh6E3CEAAAusnUIje50n69/UPf7YRTwvityyG4+9/Ea5xfNnUbOqH2Xyv/EHSuSPw5yXOb2q34ujm68Ov94lm9QZJ9x7dTOc9oVtKel/FEp2X1091MAhAAAKTJlCI3s2C1/WCE1nN7yNPcew1tue4EMj+Ogabw2G2Ki8QJWPHcHdNew7O+rJHtAQ/KfLP3jXtpU1q9lUe9w9K2nVSq2CyEIAABGoIlLM3+Pv9JF0mPMb242xXX/PX8vebTIymwybicAqL5EIUxwL5T4nWN4fDbPYC2RtUNkrGJrphMnV7O0m+Vy8cUg++dA3zeIKkZ1SM49Ao328fWcMclj5EXcnhW0nyUyoMAhCAwOQJbFScomqBW1YI4bIoLoTyVGM9CzFcjjeuE8iOaW1qczjM9kpJD4gWTMnYpnfA+K/bWdLHomneQZIPuqY0P2k6VZJzhMfmkJobSPpyygnQt94j6dYRhxMkuUARBgEIQGAWBLqI3qYL9x8yi+GbSLJQ/qOki4ZUOMVXp8Xx935N0X5bOoxXDqeIvcfFYT3HLcchJPawfHUii6/K3+lUZo+cyPyZ5moC/gATFx9YV0lge5Y/LWn7iin+MghfZ3nAhifwFElPrejWmRycfx2DAAQgMAsCKUVvG0DnC4nPYzFciOL466ZtOh/JtX8O8/CHgbI5pMQlm6dgLk7h/MxlsxfQ3kBs+gRylwTeIgjfy1egdIrEa4dUidMnPY4VXFLSS2p+fx3m5cpsTleGQQACEJgFgbGI3jYwzxm8xa4OZDFcvOq8yFWPTNuMl/pa5zZ2RbsPSzp+5OWbq3L1fknSNVNDov+1EBhDSeBLSPqUJFdqi82eXoc62POL9SNwV0mO1/ZTuCqj2mI/vrSGAARGSGCKorctRscWWxiXRXLxfSyU/Yg1t1n8Fq+4GETuuZGrN/cOpB1/LCWBLxsKocRVwbx6x/Y69niKaQvT7l6z3l1xzWL3gSsudyjaVSR9v1mXXAUBCEBgGgSWIHrb7MR5Sp7jKpEce5XtdU5pPsRTFsG5D/OQqzflbo+j77GUBL5yEL5+xB7bJyXdNBS+GQe1aczCzCx4zbbOnKLMGVmcFhKDAAQgMCsCiN5+21knjOPQC//bgrqv+YR7WQR/p2+HHdqTq7cDtAk1GVNJYIcyuFpkXBDFOJ2/1+LsbxNim3OqdYfVijm5xPBDJb095yQZGwIQgEBKAojelHTP3vfmIcTinRVlPrvO4kclEexcpid17ahFO3L1toA1wUvHVhJ4N+n/0mlVPVXxocq7S3IhC6yawJWCd3dVmfm3BMHrD9UYBCAAgdkSQPSuf2urKrN9MaR0s2erj9kLW3iCnW81RTW6N0ryKf+y+ZHpw/pMnLajIfAaSfeLZpM7F7MPXb1ZUtX7lXNHP2g09MY1EefU9u9mXUEhe8nt3X3FuKbNbCAAAQikIYDoTcN1Va+rKrO5Gp6F7w3D175ZEb5QEsGfkOS8wn3tvypSHH0upJPq2zft8xN4oqSnR9NYV67eVav3was6ceY5H5wfXZIZ+HDtFcPL3trrSDpHKOZxsiSnQnR6sfJXv6/bQ371FTPyB+1DJH2zon3R39+TrIhOIQABCGQigOhdP/g2ldlcDaksgvtWR/p4KTWaDwP50FJb8x/KA6NGLirgdGbY9AnkztW7iuCquNQp5buuWqMzZxTi1r/nxfdVGSzWdZf5/aFKVMciu8u/27QhfGVdO844EJg5AURvng12+eIuldns+S2LYHuGu5ofbfqQkMMhPhpyozbp69/CI9PytQ55uFeTxlwzegJjyNW7CpK9vVXptuyV3FvS0SMnXBa0xfdXCIUgRj71bNOrE99Ov+ZDwi6g8RxJz8s2QwaGAAQmQQDRm2ebPivpWtHQ9qA+puV0LICLl0Mi+niFnPe0EMH2CPvxZ5VVid6XhdjAltPn8hESGEuu3jo0fs9yfK/jfGOz+Nld0gcyc3WFyVjcWti60lxdfG3mKc9ieL9/+n0UgwAEIFBJANGb58b4b0n2qJXtq5Ku1mM6jvO7SSke2CK4Ksdp0yF+VhLBDoVw7J8N0duU4HSvG0uu3jqCzuTgjA6OW43Nj813keQPlqnNHzLL4rYQti6ugeUh4PAcfyjCIAABCPwTAURvnpuiKjbRXiqnNXM1pCHM3qZYBPtxYFf7QRDBm1aEMuDp7Up1nO3GlKu3jpBz9/rJRFXGE4cP+UPl1wfC+68lcWuRa4+tX1sP1P9G3XxPkvfErx+Hi51e7MGSdlrR2O1c1fGvIdfxZi2++tqpGsJ3qjvHvCGQmACiNzHgFd1XedOcKup1iaZ0kUgE+xT4UHaYpPsM1Rn9ZCcwtly9dUD8JMNPTaqyFPxc0vVblNK199iHxwrPrUXt5YK4dSnz1GZh6pSDhbgtvroATZx60PHzTkXmD8l19ihJz+85aX+w2EgoN7lmoz5W/X9X8Y3w7bn5NIfAHAkgevPtqr2jD4mGt+fqFmua0iVDKdciPdpVe477mXAozqnR/PpVz/5ono/AOyTtEQ0/Vm/+liGUwd7Y2FysxbHzFsCFWSgWmREKUVt4bqsqvw29C78JoUIWtRa0ZZHrsuOrzFUdX1KRR7ncxplUnHt3HeEdQ7Op6s9/o1aJYqfT83tYlSF817FDjAGBCRFA9ObbLL9R+8BYbPY0nZBhWhYANy1lh9i+5xxcIc6vQgQPFbbRc1o0b0DA92UsJBzjvVWDtjku8eG7T0m6RMXgDgc4RpIznRTe23XM8adB3Pp3ORa4XcZ3/LK9u15DnT1X0qO7dD7xNlUf0oolIXwnvrlMHwJDEkD0DkmzfV9fqng0e5Ckp7bvavAWPlRXFsHb9BjBuT7txXaVuEIEk3uzB9DETV8laf+KMZ5cUbgi8VQ27N4fznyAzCL9gOAV3LDRgBc41v0b4YNqOSTBhSOGsmdIesKKzk4M3l2XOF+qIXyXuvOsGwItCCB6W8BKcKm9Ms4vWTY/8lzlzUkwjUZdXjeIYKcF2qJRi/qLHPpgEWyPokWwK7ph4yHgx8mnSTpvxZR2XJHOLtUKPJ8iM0IckuBY9dTmHMDOXuJXHHebMozHHzzt3XU2ijpzjmyHMzhsYumG8F36HcD6IbABAURv3lukKieqZ+RHmT5MNDbzYR+XMo7FkD25XQ+ceI2nBBHs1GgWwV8b28IXOJ8bh/CUeOkflLRrIh4+MFY+QFbE2lronj/RmOVufx+ErT23sbj1Pb5Oq0oNWB7fqdksdl+7zklNYCyE7wQ2iSlCIBcBRG8u8meNe6yk20XTOLTikFv+mZ4Z7uAKbmXzyXKLd/+fX8XBuD73lr3dRTywhbD/ja2fwMGSHl8x7MPDgaohZrSnJKfw2y4IW+ebTm2+ZwvPrb8WYQlO8ZXbXGHM3t07r5iIPxBb8OaI/c/Np8n4CN8mlLgGAgsk0EeYLBBXkiW7stR/Rj2/XtJ9k4zWr1NXOzow6uJwSftFP3OJ5ZuVRLAfifexL5figS2CfSofWw+Br0iKM3vY63mlFunA4pluG3I931+Ss4is2565QYzsuudTjLdXELyrDgw+SZJjfLHVBBC+3CEQgMA/EUD0juOm8Mlzx8za7NX0Hz+LjbGZq8ZdJZrUPpLetsFE/Ue8LIKdMqqPOeF+EQ9sERznMe3TN23PTuBWkt5bAeWoDbyRcROHJ/i+vrckh04M+d5jj6dDEuK4W38Ye1HNhvrnjxzRZjsVmb23deb3g4dJ+uiI5jz2qSB8x75DzA8CayYw5B+eNU99VsM5P+hdwuEhhzuM0eyRiz2szsDgOMy2h2icU7Usgu3562qew/EhFriICT69a2e0qyTw8lD9K/7PfSX9xwpmfn9xyIuvs+B1ntmu5hjWckhC8b1DE1zNsM58ULQujdcYnqjsHLy7VQU2ijWZvwUxGU/a3z0I3/bMaAGB2RJA9M52awdfmPNd+qR42XzozOVe+5oflRci2GVl++SD9WEke8M8t0IEu9oV1p2AS1rbk3rpqAsXfbDX3pkeyuaDZ/bo2tNalTt31Uz8Acrlgy1qy97bH3afvlwx0MK7ylzEYW9JffrvOjXHSztuus7M12J3oycpXcdfSjuE71J2mnVCYAMCiF5ukaYEHijpFdHFQ5Q6rRp/p+AhtBC2CHaMcFdz6INL1RYi2KEkWHsCfhJxREUzl812+WzvkUNdLHa9Z23MKev8QcVV31KITx+Oc1x4HJpTzNEZSVxG++g2k+5xrT8U+LDaLVf04fARhzP8pMc4ND2LAMKXuwECEBg0rg6c8yawdUglduGwTFfocliCHzunNmeEsAAuRPCmPQZ0Iv+yF9gFQrBmBN4k6e4Vlzq++tot09a5UpqfHDjl1nebDd/rKt8zLiSxyvPsD3UP7jXKxo19QNXxu1U5kIvWQ2bH2HhGy7kC4bucvWalEKgkgKeXG6MNAT/mvoYkhws4l+4f2jQe6Fp77QoB7HjR6/Xs14egyiLY+VmxagIWjA472LwjIJeidklgxwE77ZaLPqzTfO9YZN9T0rlqBnZohdOoDZ2+7ALBu2tPeJ35w4PDGfgglu6uQPimY0vPEBg9AUTv6LeICW5AwEK8LIJXHQhqAtOPwYtYYIvhFI/bm8xjbNdsKcnp9RzScpmWkzNHp7Z7i6TftWyb4nLfIxbfdQco/WHO8chDxdLuHgSvD3DW2bNqciKnWP/S+0T4Lv0OYP2LJYDoXezWz3bhLktbFsF9SzqfHLJWvFDSkbOlVr2wTSTdOhwCu60k/7up+WmA0++9J8TrOuXWj5o2XsN1TqHmeGQfYqsze6Qd7tDnicazJbl0d505tMPe3fetYc0McRYBhC93AwQWSADRu8BNX9iSXS2uyAzhr/53V/u1JMe1Wvx+rGsnE2h3zXAgzWEARQz3ENM2P4tfv+xR98vfr7vEb3ktPoTnGNu6dGoOc3C4g8Meqszvof6gtU30sjfZ+Yi3WAHOKdMsePuI6iH2Zal9IHyXuvOse7EEEL2L3frFLtwn5wtPsL9asHQxH+Sz+PUjcGeHmLq5/K0PqVkE9i0e0oaF43rtEY6F8Dq9wleQZAHkr1X2F0lvkOR471jc+t9tPODu3yEeFrsO+cDyEkD45uXP6BBYKwFE71pxM9gICVwtEsGOEW5rPy0JYB9GmoptJul2wavrMIZztpi4PaAWyg4TSGEpvcJV3lnHKbuARt9wmI1YONzDgvf7G13I/6+NAMJ3bagZCAJ5CSB68/Jn9PERcDnowhN88w7lcp1XtfAA+wDXGM1rdBaBu7XMgezCEfZsO9a1WNtBoWiFMzP4kb5fXT44NOHUxCvs6obOMlHlkS3/rK13tsn8NrrmsZJcIQ4bHwGE7/j2hBlBYHACiN7BkdLhzAg8Q9KVJe3SIb7VuWgLAeyMEDnNgs8xus4Tu32LifxN0geD0P2vBvG3fk9xlgKLX3vRi6+X7fABouk0fWjOIQgee1X+26b9DX2d5+biHm8fumP6G5QAwndQnHQGgfERQPSOb0+Y0TgJOGWXQwCK14VaTtMC2F5SV9palwfYh7PuELy6t5DkPLVNzfl4HXPql8vh9jWHQVw1EsMpvcJ959umvQ/ieX9PiV6OjfbPny7pjDYdcm02AgjfbOgZGALpCSB60zNmhPkR8OG3sgBedUK/avUWRxbA9pymiAH2gbSnhbCDuiIMVfM6LZQadvjCZ9ewbTm8wm2X5RLFDteoi3f2gcbbS6K8dVuy470e4TvevWFmEOhFANHbCx+NISB7gG8TRLC/XrAlE+cBtgD2o+8hBLAr1DmUounvtj2Q7w3hC8eGanstlzD45evwCtd5Z8veWu+NQyec5s77s1PNSs3wSSFe9x+D06DDHAQQvjmoMyYEEhNo+ocx8TToHgKzIOCcti7iUHiB2wrgk4IA9h/crmnQPizJ5Zk3MufIdeiCU3HZwzt2q/MKb1cx8VMrQg3i0INftlywPeYuNHHAig8Ux4diFx4fmz4BhO/095AVQOBsBBC93BAQSEPAMb97lATw5i2HcZ5ae4Df2aIQhr3OjiHdtGYsx+a+WdJrJDlmdw7mg2u3CqnT/EGh8M6mWttuoZxyXUy3wx2c+mwIr32qNdBvcwKrhO9zJT26eVdcCQEI5CaA6M29A4y/BAKO+XXcZ+EBvkDLRZ8YskC8K5T0rWteV/L23ZJeFUoCOxsD1o/A1iEe26EkVebUas764XRu/h6bNoFVwveQDcpMT3vlzB4CMyOA6J3ZhrKc0RNwyIMzKlgAOwa4bXGHHwYB7CIHHymt1l5eezmdp7Zsr5T0oNFTmd4EfbDtqZIevyIrhr29e0ty7mZs2gTqhK89+1tNe2nMHgLLIYDoXc5es9LxEXDIw51KHuC2AvgHQQD7IJrzwD4gWqLzw7rSmCvGYWkIOH76iFCdrmqEX4W9+UCa4el1TQT8u+UPkLF9UdKOa5oDw0AAAj0JIHp7AqQ5BAYi4JCHO5cE8BBVzXyozR5li18sHQGnsHP8dd0BQmd0eF7wCpOvN90+pOrZxVa+VlH4xL9XO0jyh08MAhCYAAFE7wQ2iSkujoAFsA9D7R5Ea58qY378+mJJL5fknLNYGgJ+L31cyI9cl9P38yG0xVk6sOkQcD5thyTFdtdwqHE6K2GmEFg4AUTvwm8Alj96Ag55sAC+XRDArrLWxf4g6VBJzyfcoQu+xm18uM0iyYfdquw3klw8xIcLsfETqAtrcAaU/cc/fWYIAQiUCSB6uR8gMB0CDnlwCEQfAezsDcdJeqik705n6ZOaqdOZvUWS05vV2ctCzl8Xv8DGSaAurMHpBK8i6fRxTptZQQACdQQQvdwbEJgmAYc8WADvGTzAcdaGJquy6H1h8AA3uZ5r2hF4ZKjStklNMxcIcSo7Z+TAxkegLqzBT16OHt90mREEILARAUTvRoT4fwiMn4BDHiyAi1Rom7Wc8h8lvT+IX3uBseEIuHTxUZK2renyd5LuGw7CDTcqPfUlQFhDX4K0h8AICSB6R7gpTAkCPQjY42sB7FRozgNc52WsG8I5ZZ2JwHmASbPVYyNKTR2X/cbg1a3r8XWS/k3Sn4YZkl56ECCsoQc8mkJgzAQQvWPeHeYGgX4E7PG1APYp81tKqssqUDfKt4P4fV/wBPebDa1dJOQFFQVECjInhHAVf8XyESCsIR97RoZAUgKI3qR46RwCoyGwaRC/j5B0dUltf/ctgF0Ewy+HQmDdCFxZkqt7bVfT3Fk2fMjw9d26p1VPAoQ19ARIcwiMmUDbP3xjXgtzgwAEmhFwCMSzJe0ryWWR25oFsL2/FsD+irUj4EOIh4USxXUtHWKynySLYGw9BAhrWA9nRoFANgKI3mzoGRgCoyCwa6gWdrWOs3HBi5MlPVPSf0py9TGsGQF/6HDqsrrqe98L4Q5fb9YdV/UkQFhDT4A0h8DYCSB6x75DzA8C6yHgkIfHSNpH0jk6DulKYy63+1o8lI0JXiGkv3LYQ5X9WdK/h4p6jTvlwtYECGtojYwGEJgeAUTv9PaMGUMgJQGn1rLIchqtrtXffi3JFateJOnHKSc7k7594PAlG1T4cgU3V3JzRTdsWAKENQzLk94gMFoCiN7Rbg0Tg0BWAhcJB6oe3jHu15M/Q9KRkp4r6YtZVzONwV2owqnNnOKsyuxJdy7mz09jOZOZJWENk9kqJgqBfgQQvf340RoCcyfgeNP7SXq0pEv0WOzHQ7quY4j7XUnRnnYzcrhJlbls8eNDGEmP7aBpIEBYA7cCBBZEANG7oM1mqRDoQeBcIeXZEyQ5DrWrfV/Si4n7XYnPBUXsHbeXvc5cOOQukn7VdSNoJ8IauAkgsDACiN6FbTjLhcAABCy2nHLLqc+6GnG/G5PbXdKbV4SXuHreHSV9auOuuKKCAGEN3BYQWBgBRO/CNpzlQmAgAi52cWDI9bt9jz6J+10N71KhLPT1ai77m6SDJB0s6e899mFpTe1Jf1TFon0Ac/+lwWC9EFgKAUTvUnaadUIgHQGHO9wnCOCL9RiGuN9qeC4fbVHruOq692yz20vSz3rwn3tTH868l6SHSbpMxWJ/JOkqkk6fOwjWB4GlEkD0LnXnWTcEhifguF8/kne6M3/tmu+XuN/qvblp8PpavFXZqaHK2/HDb+1ke/TfuJtLun/IfOF46Trzh4ajJ7tSJg4BCGxIANG7ISIugAAEOhDYOnh+nfnhsh3auwlxv/8M7uKSjpJ0oxqmroj3LElPluTQh6WaM4244p1DFaq8ujGXb0iqKxCyVIasGwKzI4Dond2WsiAIjI7AjYP31560LgUviPs9+5bag/6k8HLoQ5X5cJsPufmw21LMLG4dvLq3bfGkwR8Odpb0P0sBxTohsFQCiN6l7jzrhsD6CWwu6W5BAF+r4/DE/Z4FzkLtrZLsVa8y5/R1JTdnKficpBNmetjNnlyH1DiEYasW95WrBVro+kDbD1u041IIQGCiBBC9E904pg2BiRO4WhAqPli0RYe1nBiKXbxW0h86tJ9LE8f3Oq3Zbg0W9PtQGc8V3fyashB2bO6eoXCK1970b9kfQ1y0szR8ogEzLoEABGZEoOkbxYyWzFIgAIEREdgsHDCyp84Hjtq+J1nEvFzSCyXZc7dUc/q4QzosfmpC+PLhw5KzhdQd6KvC8KVQEOUNZGfocJfQBAIzIdD2D8xMls0yIACBERLwY2qLGR9+a1vy2Dlq/Rj/mcGbOcLlJZ/STpLeL2nLniONTQi7CMqdQviC48ObmlOPHSHJXl17tTEIQGDhBBC9C78BWD4ERkjAB7V2DR6920talWaqavoWbS8IGQxGuLykU9omCLw2sa1NJpRDCF81fAC694qqdFVz9yE+C923LDz0pcm+cg0EFkUA0buo7WaxEJgcAT/Cvkfw8l2p5eyPDXGfLZvN4nJ7zH3QzR8gfGhwhxbZDJoCSCGEzy9pn7Df1206EUmnSXqTpEPDgb0WTbkUAhBYCgFE71J2mnVCYPoELIJ8Qt/5V+tSdcWrfI6kx05/6b1XcF5J15TkEAi/xiaErx321tk9ztditR8JXl3nLv5Li3ZcCgEILJAAoneBm86SITBxAhZwB4SqbxZwq8IfXFq2SXGCiSPpNP3cQvgCwYv/AEkOZWhqP5d0uKRXSXL1PgwCEIBAIwKI3kaYuAgCEBgpgQsFD6GzF1Sd5ndeXz/mx5oRWJcQdsERh140LVXtg4rHBa/uOyS5PQYBCECgFQFEbytcXAwBCIyUgMMd9pD0OkkWwrY/Sdpe0ikjnfNUprUuIVzF42RJhwWxe9JUgDFPCEBgnAQQvePcF2YFAQh0J+AYXj8uf7ikU7t3Q8sVBFIKYXtxXUnOGRjeO9MqctxcEIBABgKI3gzQGRICEIDADAn0FcKOz7Wn3lX2HLeLQQACEBiUAKJ3UJx0BgEIQAACJQJVQriceu4fko6U9GpJH5bkf2MQgAAEkhBA9CbBSqcQgAAEIFBD4MIh+4b//jw/5NgFFgQgAIHkBBC9yREzAAQgAAEIQAACEIBAbgKI3tw7wPgQgAAEIAABCEAAAskJIHqTI2YACEAAAhCAAAQgAIHcBBC9uXeA8SEAAQhAAAIQgAAEkhNA9CZHzAAQgAAEIAABCEAAArkJIHpz7wDjQwACEIAABCAAAQgkJ4DoTY6YASAAAQhAAAIQgAAEchNA9ObeAcaHAAQgAAEIQAACEEhOANGbHDEDQAACEIAABCAAAQjkJoDozb0DjA8BCEAAAhCAAAQgkJwAojc5YgaAAAQgAAEIQAACEMhNANGbewcYHwIQgAAEIAABCEAgOQFEb3LEDAABCEAAAhCAAAQgkJsAojf3DjA+BCAAAQhAAAIQgEByAoje5IgZAAIQgAAE4lhvtgAABvtJREFUIAABCEAgNwFEb+4dYHwIQAACEIAABCAAgeQEEL3JETMABCAAAQhAAAIQgEBuAoje3DvA+BCAAAQgAAEIQAACyQkgepMjZgAIQAACEIAABCAAgdwEEL25d4DxIQABCEAAAhCAAASSE0D0JkfMABCAAAQgAAEIQAACuQkgenPvAONDAAIQgAAEIAABCCQngOhNjpgBIAABCEAAAhCAAARyE0D05t4BxocABCAAAQhAAAIQSE4A0ZscMQNAAAIQgAAEIAABCOQmgOjNvQOMDwEIQAACEIAABCCQnACiNzliBoAABCAAAQhAAAIQyE0A0Zt7BxgfAhCAAAQgAAEIQCA5AURvcsQMAAEIQAACEIAABCCQmwCiN/cOMD4EIAABCEAAAhCAQHICiN7kiBkAAhCAAAQgAAEIQCA3AURv7h1gfAhAAAIQgAAEIACB5AQQvckRMwAEIAABCEAAAhCAQG4CiN7cO8D4EIAABCAAAQhAAALJCSB6kyNmAAhAAAIQgAAEIACB3AQQvbl3gPEhAAEIQAACEIAABJITQPQmR8wAEIAABCAAAQhAAAK5CSB6c+8A40MAAhCAAAQgAAEIJCeA6E2OmAEgAAEIQAACEIAABHITQPTm3gHGhwAEIAABCEAAAhBITgDRmxwxA0AAAhCAAAQgAAEI5CaA6M29A4wPAQhAAAIQgAAEIJCcAKI3OWIGgAAEIAABCEAAAhDITQDRm3sHGB8CEIAABCAAAQhAIDkBRG9yxAwAAQhAAAIQgAAEIJCbAKI39w4wPgQgAAEIQAACEIBAcgKI3uSIGQACEIAABCAAAQhAIDcBRG/uHWB8CEAAAhCAAAQgAIHkBBC9yREzAAQgAAEIQAACEIBAbgKI3tw7wPgQgAAEIAABCEAAAskJIHqTI2YACEAAAhCAAAQgAIHcBBC9uXeA8SEAAQhAAAIQgAAEkhNA9CZHzAAQgAAEIAABCEAAArkJIHpz7wDjQwACEIAABCAAAQgkJ4DoTY6YASAAAQhAAAIQgAAEchNA9ObeAcaHAAQgAAEIQAACEEhOANGbHDEDQAACEIAABCAAAQjkJoDozb0DjA8BCEAAAhCAAAQgkJwAojc5YgaAAAQgAAEIQAACEMhNANGbewcYHwIQgAAEIAABCEAgOQFEb3LEDAABCEAAAhCAAAQgkJsAojf3DjA+BCAAAQhAAAIQgEByAoje5IgZAAIQgAAEIAABCEAgNwFEb+4dYHwIQAACEIAABCAAgeQEEL3JETMABCAAAQhAAAIQgEBuAoje3DvA+BCAAAQgAAEIQAACyQkgepMjZgAIQAACEIAABCAAgdwEEL25d4DxIQABCEAAAhCAAASSE0D0JkfMABCAAAQgAAEIQAACuQkgenPvAONDAAIQgAAEIAABCCQngOhNjpgBIAABCEAAAhCAAARyE0D05t4BxocABCAAAQhAAAIQSE4A0ZscMQNAAAIQgAAEIAABCOQmgOjNvQOMDwEIQAACEIAABCCQnACiNzliBoAABCAAAQhAAAIQyE0A0Zt7BxgfAhCAAAQgAAEIQCA5AURvcsQMAAEIQAACEIAABCCQmwCiN/cOMD4EIAABCEAAAhCAQHICiN7kiBkAAhCAAAQgAAEIQCA3AURv7h1gfAhAAAIQgAAEIACB5AQQvckRMwAEIAABCEAAAhCAQG4CiN7cO8D4EIAABCAAAQhAAALJCSB6kyNmAAhAAAIQgAAEIACB3AQQvbl3gPEhAAEIQAACEIAABJITQPQmR8wAEIAABCAAAQhAAAK5CSB6c+8A40MAAhCAAAQgAAEIJCeA6E2OmAEgAAEIQAACEIAABHITQPTm3gHGhwAEIAABCEAAAhBITgDRmxwxA0AAAhCAAAQgAAEI5CaA6M29A4wPAQhAAAIQgAAEIJCcAKI3OWIGgAAEIAABCEAAAhDITQDRm3sHGB8CEIAABCAAAQhAIDkBRG9yxAwAAQhAAAIQgAAEIJCbAKI39w4wPgQgAAEIQAACEIBAcgKI3uSIGQACEIAABCAAAQhAIDcBRG/uHWB8CEAAAhCAAAQgAIHkBBC9yREzAAQgAAEIQAACEIBAbgKI3tw7wPgQgAAEIAABCEAAAskJIHqTI2YACEAAAhCAAAQgAIHcBBC9uXeA8SEAAQhAAAIQgAAEkhNA9CZHzAAQgAAEIAABCEAAArkJIHpz7wDjQwACEIAABCAAAQgkJ4DoTY6YASAAAQhAAAIQgAAEchNA9ObeAcaHAAQgAAEIQAACEEhOANGbHDEDQAACEIAABCAAAQjkJoDozb0DjA8BCEAAAhCAAAQgkJwAojc5YgaAAAQgAAEIQAACEMhNANGbewcYHwIQgAAEIAABCEAgOYH/BeTNbvagJbbuAAAAAElFTkSuQmCC'
);


-- detailed history for James
INSERT INTO patient_history (
	history_id,
	childhood_illnesses,
	immunisations,
	medical_issues,
	surgical_operations,
	other_hospitalisations,
	allergies,
	exercise_frequency,
	dieting,
	difficulties_eating,
	meals_daily,
	drinks_alcohol,
	tobacco_used_past_5_years,
	uses_recreational_drugs,
	mental_health_history,
	social_history,
	family_history,
	relevant_history,
	patient_id,
	practitioner_id,
	date,
	practitioner_designation,
	signature_blob,
	tobacco_last_smoked,
	tobacco_type,
	currently_uses_tobacco,
	currently_uses_tobacco_repalcement,
	tobacco_replacement_type
) VALUES (
	999998,
	'["Chickenpox", "Measles"]',
	'["MMR", "Meningitis"]',
	'[]',
	'[]',
	'["Broken arm"]',
	'["Shellfish", "Dairy", "Penicillin"]',
	'sedentary',
	false,
	true,
	3,
	false,
	false,
	false,
	'prone to breakdowns over university projects',
	'none',
	'glaucoma runs on mothers side',
	'none',
	9999998,
	999999,
	'2019-04-21 19:55:17.075+01',
	'developer',
	'data:image/png;base64,iVBORw0KGgoAAAANSUhEUgAAAr0AAAFfCAYAAABDQHTMAAAgAElEQVR4Xu2dB7Q1RZWF96iAEVEMIAZGUDErmBWMYEDBgGAWDJjGxIg5oWLAnDALYxhUYETMoqKOOuacMCNgRAyYRZ21h+qhKbvv61S3Onxnrbve+9/flb7qd9++p0+d8y/CIAABCEAAAhCAAAQgMHMC/zLz9bE8CEAAAhCAAAQgAAEICNHLTQABCEAAAhCAAAQgMHsCiN7ZbzELhAAEIAABCEAAAhBA9HIPQAACEIAABCAAAQjMngCid/ZbzAIhAAEIQAACEIAABBC93AMQgAAEIAABCEAAArMngOid/RazQAhAAAIQgAAEIAABRC/3AAQgAAEIQAACEIDA7Akgeme/xSwQAhCAAAQgAAEIQADRyz0AAQhAAAIQgAAEIDB7Aoje2W8xC4QABCAAAQhAAAIQQPRyD0AAAhCAAAQgAAEIzJ4Aonf2W8wCIQABCEAAAhCAAAQQvdwDEIAABCAAAQhAAAKzJ4Donf0Ws0AIQAACEIAABCAAAUQv9wAEIAABCEAAAhCAwOwJIHpnv8UsEAIQgAAEIAABCEAA0cs9AAEIQAACEIAABCAwewKI3tlvMQuEAAQgAAEIQAACEED0cg9AAAIQgAAEIAABCMyeAKJ39lvMAiEAAQhAAAIQgAAEEL3cAxCAAAQgAAEIQAACsyeA6J39FrNACEAAAhCAAAQgAAFEL/cABCAAAQhAAAIQgMDsCSB6Z7/FLBACEIAABCAAAQhAANHLPQABCEAAAhCAAAQgMHsCiN7ZbzELhAAEIAABCEAAAhBA9HIPQAACEIAABCAAAQjMngCid/ZbzAIhAAEIQAACEIAABBC93AMQgAAEIAABCEAAArMngOid/RazQAhAAAIQgAAEIAABRC/3AAQgAAEIQAACEIDA7Akgeme/xSwQAhCAAAQgAAEIQADRyz0AAQhAAAIQgAAEIDB7Aoje2W8xC4QABCAAAQhAAAIQQPRyD0AAAhCAAAQgAAEIzJ4Aonf2W8wCIQABCEAAAhCAAAQQvdwDEIAABCAAAQhAAAKzJ4Donf0Ws0AIQAACEIAABCAAAUQv9wAEIAABCEAAAhCAwOwJIHpnv8UsEAIQgAAEIAABCEAA0cs9AAEIQAACEIAABCAwewKI3tlvMQuEAAQgAAEIQAACEED0cg9AAAIQgAAEIAABCMyeAKJ39lvMAiEAAQhAAAIQgAAEEL3cAxCAAAQgAAEIQAACsyeA6J39FrNACEAAAhCAAAQgAAFEL/cABCAAAQhAAAIQgMDsCSB6Z7/FLBACEIAABCAAAQhAANHLPQABCEAAAhCAAAQgMHsCiN7ZbzELhAAEIAABCEAAAhBA9HIPQAACEIAABCAAAQjMngCid/ZbzAIhAAEIQAACEIAABBC93AMQgAAEIAABCEAAArMngOid/RazQAhAAAIQgAAEIAABRC/3AAQgAAEIQAACEIDA7Akgeme/xSwQAhCAAAQgAAEIQADRyz0AAQhAAAIQgAAEIDB7Aoje2W8xC4QABCAAAQhAAAIQQPR2vwd2l7SXpC0lHSfppd27oiUEIAABCEAAAhCAQEoCiN5udHeR9NGo6e0lvaNbd7SCAAQgAAEIQAACEEhJANHbje4jJL0waup/H9CtO1pBAAIQyE7Afw/2lPRESReR9BxJr8g+KyYAAQhAYCACiN5uIO8m6c1R03dK2qNbd7SCAAQgkI3AdSXtI+mukraKZvFQSS/LNjMGhgAEIDAgAURvN5jXkfTpqOk3JV2pW3e0ggAEILBWAjsGoesP8JdcMfI/JN1R0jFrnR2DQQACEEhAANHbDeqFJf0yavpXSZt2645WEIAABJITuGoQuneXtG2L0c6QdGtJH2zRhkshAAEIjI4Aorf7lvxc0kWj5ttJ+n73LmkJAQhAYFACO5SE7uV69PwnSTeV9KkefdAUAhCAQFYCiN7u+D8p6fpR81tK+kD3LmkJAQhAoDcBf/h2jK5fV2vZm726v5O0RUU7//yGkr7Ssk8uhwAEIDAKAoje7tvwBkn3jJo/RNKh3bukJQQgAIFOBC5dEro7tezh75I+Iumtko6U5FCtT9QI5tMkXU/Sd1qOweUQgAAEshOYo+i9saT9Q+jB9yR9W9IJ4esPJP1tIOpPlnRQ1BdpywaCSzcQgMCGBC4hae8gdi1E25gPqH08CF2L3VOjxj634P+/YkWnPwkeX7+fYhCAAAQmQ2Buove8kvyGvHnNDtiDEQvhQhT/rOWukbasJTAuhwAEehO4WKgE6dCFnSW1fQ93TK5F7lsk/XSD2fjMwmdqDr2dJMmpzvx+i0EAAhCYBIG2b5hjX9RdJB3RcZK/jbzChXf4W5L+WNEnacs6gqYZBCDQioBLnTttmIWuD5Odo1Vr6QtB5Pq98eSWbS8V0jNuXdHOIQ72MDvkAYMABCAwegJzE733kPTGBNT/IMmnl/3H43BJnwuPA+NHgqQtSwCfLiGwQAI+SObS5ha6u0o6Z0sGXw0eXRfR+WHLtvHlzvpgD7FDHmLzoTYfbvMhNwwCEIDAqAnMTfT6Tfmzki67Bur2DJ9H0ibRWKQtWwN8hoDADAmcP5QBttC9VcV7y0ZL9lMphy5Y6A590MxZIHy4zXOMzYL45pLsHMAgAAEIjJbA3ESvQdsjcs1QHe3ykq4gqfi62Rp2wl7g9wdvsAX4KWsYM9UQrtr0YEnnlvQmSe9LNRD9QmChBHwO4bbBo7u7pLbvUT6jYKHrV+pUYg5l+JAkzzm2jwWP9F8Wuo8sGwIQmACBOYreOuxeq+PTykK4+N7ViVKx8GERC2ELYH91+eK4mtsYb5VtJH0jOhTozBj+44ZBAALdCfhDpCuc2aO7R3hi1Ka3EyW9LQjdz7dpOMC1u0g6rqb65HvCeobKkDPAdOkCAhCAwFkEUgm9qTG2d8VhCWWvcCGIL5JgMT8qiWALYZ+QdrjEmOwBkl4ZTYiUbGPaIeYyJQIuUb5bELqO1a0KE1i1nh+XhG7uqmi3kXRsTZyxPc53leSUaBgEIACBURFA9G68HU5/tqck1613XsxrS/LBjqHZfTfyCFsM54yR+zdJL43wvEzSQzdGxhUQgICkc4VYV3t077QilWIdLKdRPCp4dJ0zd0xC0mtyNoiq98HXhFzp3AQQgAAERkVgaOE2qsUlnIyFsKsePTAkh08xlKsk+WBKOTTii5L+nGKwij4RvWsCzTCzIuB0Yg4Dsih04YgLtVydQ5+ODkLXVdL8PjBWu7+kV9dM7nmSDhzrxJkXBCCwTAKI3n777tyZ/gNVtm+GfL/XkuS42CHtDElfC0K4EMM+vOKfD22I3qGJ0t+cCdxE0kvCUyDH7LaxX0s6Jghdx8tOKSa26n2iWPsTJD2zDQiuhQAEIJCSAKK3H12nFXpv1MUHJN0y/GyrEA5hAeyXTz9X5brsMwt7fr8cCWEfQOvrIUL09tkV2i6JgEMXHIbQxk4PcbGOgXVWFOf4nqodLOnxNZN/saRHTHVhzBsCEJgXAURvv/10GdA4m4Fj7/zzOrtMEMAWwY4P9quubHLX2dlT5KwRTp1m8VpVUW6jvhG9GxHi/yEgXT1kZGmSaswx+u8KHt13rzFUaR375DAHhztUmUM9nG0CgwAEIJCVAKK3H37H9TrMoGyu2uafNzXvgTNHWPwWHmF/rcqF2bTP8nX2IDm3pj3SfjVNWo/o7UKbNksi4CI4zrziMsF15kqO/r2zR/edmQ+nptwbv4/5YJsFbmxfCrnTU45P3xCAAAQ2JIDo3RDRyguuGHLZli86QdIO/bqVD8O4j8Ib7K8uuNHEm7TR0E5mXwjg41d4gRG9G5Hk/5dMwJlcPinJT25ic5YFe3ItdN8u6fcLAeXCQP7Q7+ptZfOH7lsshAHLhAAERkwA0dtvc/wHL65rf5KkS/frtrK10x9dJRLC/uPin3c1e6F8QrzKC/w0SU+KOnZVtnt2HYx2EJgJgS1CSINzecfmQ2mO3feH3yXawyQ5jrdsh0p6yBJhsGYIQGBcBBC9/fbDhSt+EXXhlEMpClpUzdSeX8cUFmER1+/pZS57ge9V8ajS1Z88FgaBpRJw2JE/KDocKTb/7t8gZG9ZKh+eEC1151k3BCZAANHbb5P8BzB+dOlDY0PF43aZnQX3PYI4vU5IodSlHx+G8+PKsn214tFll75pA4EpEvBTFacUc3qy2HxIzYLXmVSWbIjeJe8+a4fAyAkgevtvUFWVpDFx9WEblw29taSbSWqbQ7RMyBkh7itpVSxwf6L0AIHxEXCcvTMQOD1ZbH8JaQrtAV66IXqXfgewfgiMmMCYxNmIMa2cmj0854muOP9ID69Y8LpaVCGCXU65i62KBe7SH20gMHYCh0nat2KSzoftMuVORYadmSKR8uXcCRCAwCgJIHr7b8upFSmLLlYR69t/pOF7GMoL3DQjxPAroEcIpCfwdElPrBlmP0mHp5/CZEZA9E5mq5goBJZHANHbf89PrMjWsK0k/3xKhhd4SrvFXNdF4IGSXlEz2GMlPWddE5nIOIjeiWwU04TAEgkgevvv+jcrMiZcuSJ/b/+R1tuDvcCfHiATBV7g9e4bow1H4K6S3iyp6n2S8rrVnBG9w91/9AQBCAxMANHbH6jTeO0YdeN0RnGltv4jrb8Hl1iOSyqfImmbjlMhFrgjOJqtncBukt5TkcHEE3HlsbutfUbTGBDRO419YpYQWCQBRG//bf9vSTeKuvFhMQvGqZsrSu0dLcLFKVyJaoiMEHiBp36HzHP+Tj3mKmJVmU58YO32kpzSD/tnAohe7goIQGC0BBC9/bfmfSFdUbknpwfzz6duL5T0iGgRj5F0SOlnxAJPfZeZf5mAQ5P+R9IFKrD4w95NJTlFGVZNANHLnQEBCIyWAKK3/9b8l6Q7RN04l6d/PnU7MBK4Xs+LJD1yxcKGygjxO0n2BDv90Rsk/XXqMJn/6AlcKoQlOftKbC464VCf00e/irwTRPTm5c/oEIDACgKI3v63x5sk3T3qxiV839i/6+w9uLJbvA4n6N+n4cyG8gI7F/Ix4YPEeyX53xgEhiRgoWsPrz+0xfZ9Sa5u6DLD2GoCiF7uEAhAYLQEEL39t+bVku4fdeM0R6/q33X2HlzBzbGNZft4xeG2phMdwgvsMs8OHbEn/VhJv206ONdBoIaAQxkseB3aENuPJV1P0knQa0QA0dsIExdBAAI5CCB6+1Ovins9QJJ/PnW7YkXqNYccbD/AwobwAjvkwaLcAvjtklwoBINAGwK+D30P+fBabL+WdF1J327T4cKvRfQu/AZg+RAYMwFEb//dOVjS46NuXL3JP5+6XVCS//CX7QxJmyRYWOEFvq2kXSWdo+UYLgfrTBoWwEdJsocOg8AqAucMacmcniw2h9DcRNJnQdiKAKK3FS4uhgAE1kkA0duf9kskPTTq5lBJD+nf9Sh6sDf1XNFMtpD0m4SzO09g6tRvTge3ecux/hHESiGA7Z3GIFAm4Pc+F55wAYrY/MHOH7w+ArLWBBC9rZHRAAIQWBcBRG9/0j7YdeeoG1cycxzgHOy7kraLFnIlSa5Etw6z4HaaKGfEcJaMqpP1G83ja5KODl7gr2x0Mf+/CAIuLezY+9j8xMC5qX2/YO0JIHrbM6MFBCCwJgKI3v6gD5L05KgbC0ILwzlYVVW2W1QccFvHWh3ycENJd5S0l6RLdhjUXt9CAPvDCbY8Ag4/enrNsveTdPjykAy2YkTvYCjpCAIQGJoAorc/UZcc/kzUjVMcxd7R/iPl6aGuKptTteW2nYIAtqf9ch0m45LKPgBnEex4YKpsdYA4sSb7SjqsZs5PkfS0ia1nbNNF9I5tR5gPBCDw/wQQvf1vBqc7itNmWTxtNhMRVZWH+LmSHt0f3aA92LPuEAh7ga/RoWdnfnhHEMAfpBhGB4Ljb+L7w+FIVYckXynpQeNfwuhniOgd/RYxQQgslwCid5i9/6mki0ddXV7Sd4bpPmsvzoRgsVA2e0V3yTqr1YP/axC/FsDXl9T2PveHmHdRDGPEO9x+as7EcFzFoUz3ZE+/nxb4ACTWjwCitx8/WkMAAgkJtBUDCacy6a4/WiECnXrr3ZNe1ZmT9+PeJ0Xr+Lyka01kbVuHA3AWwBY+TlPVxiiG0YbWOK91CJIzMZy3YnofkLS7JGdswPoTQPT2Z0gPEIBAIgKI3mHAvkbS/aKu/l3SC4bpPmsve4YSwOVJ+PG/UzpNzbaUtEfwAjs366YtF0AxjJbARnC5n7j4wKLT7MXmHLx+YvGnEcxzLlNA9M5lJ1kHBGZIANE7zKYeKOmQqCuXIa5KiTTMiOvrZWdJzuBQtk+E/Lnrm8XwIzkW2x4+e4BvI+l8LYegGEZLYBkuv5SkT0m6RMXYXw/3cFx8JcM0ZzUkondW28liIDAvAojeYfbT3kMfgiqbH6c6v+zU7cqSnOe2bHNKyeZ1uRTtLYMAtmfblejaGMUw2tBaz7X26juriiv9xXZSCM/5+XqmsqhREL2L2m4WC4FpEUD0DrNfO1QUa3AZ3G2G6T5rL1tJ+kk0g59J8s/naBTDmP6u2ovvw5ZXr1iKha4PNzqtIDY8AUTv8EzpEQIQGIgAoncYkD4c9eeKQ1L2IPrnUzbfI36UXzZ7NqvSPk15nVVzpxjG9HbUcdrHS7pBxdRPD4LXoQ1YGgKI3jRc6RUCEBiAAKJ3AIihC6cn2z7qzsUTvjDcENl6+l1FzOvmkiwilmQUwxj3bvvD5zGSnDklNh9Wu7mkT457CZOfHaJ38lvIAiAwXwKI3uH21unJfCCqbHeV9JbhhsjW04mSLh2Nvq0k/3yp1rcYhp8AfFfSyyW9eiaFTHLfC/8pyb9zsblYjH83nZ4MS0sA0ZuWL71DAAI9CCB6e8CLmjo92SOjnz1V0kHDDZGtpy9WVDnbUZJ/jkl9i2G4GtzrJL02CGGYtifwnJoqgQ7FubukI9p3SYsOBBC9HaDRBAIQWA8BRO9wnJ2e7BVRd/Y8+Q/u1O1Dkm4WLcJ5ep2vFzs7gb7FMD4u6fWS3irpD8BtRODhkl5Uc6VLC7vEMLYeAoje9XBmFAhAoAMBRG8HaDVNnJ7sw9H/fU6Sq0FN3Y6UtFe0iH0kvW3qC0s8/z7FMBxHbb4WwM6LjFUTcDiDP1xW2cGSngi4tRJA9K4VN4NBAAJtCCB629Bafa3Tk50cXeKDXj7wNXWzp+wB0SLwoLXb1aIYhkWaD1q1yX7x7SB+D5NEbtmzuLvq4XMlVb2PHS5pv3ZbxNUDEED0DgCRLiAAgTQEEL3DcvUJ8c2iLv24+6fDDrP23p4p6XHRqPag2ZOGtSdw/lDBz9kEXCa3qflA1nuDAH6npDOaNpzhdVeU5NRjVe9hR0vauyLV3gwxjG5JiN7RbQkTggAECgKI3mHvBacnu2bU5U0kfXTYYdbe26OCR608sA/u2dOG9SOwXfBI2itZVS63rvdfSHpjOAD3jX5TmGTrqt81L+Q4SbtNckXzmDSidx77yCogMEsCiN5ht9XpyRzrWrb9Jb1m2GHW3psFmWNLy8bj42G3weEOLoV8H0kuhbxJi+5dbtf749jWJeRO3qXmg+QpwXPOAcAWN8/AlyJ6BwZKdxCAwHAEEL3DsXRPTk/25KjL50k6cNhh1t6bRZiT/pft2CDO1j6ZBQzoA3D3kHRfSVdtsd4/SvKjfQvgj0hyuq65md+zvibJeZLL5lAP55KOS2bPbf1jXw+id+w7xPwgsGACiN5hN9/pyd4UdenYyz2GHWbtve0s6WPRqM4ocKO1z2R5A7oKnL2/vrcu2GL5P5Dkg28WwPaAzsXuH4p5xOtxysBXzWWRE17HYyU9K5o/IScT3lCmDoE5EUD0DrubTk/mR81lO0HSDsMOs/berhy8a+WBv1nhbVv7xBY04Lkl3SEIYB+Aa/q7+/eQT9ni9+2S/jJhZs6A8T1JF43W8KWKWPoJL3PSU3fubt+fvFdMehuZPATmSaDpH855rn74VfmP8m+jbn3i3hkd/HWqtlXFY+OfSfLPsfUTuIykfUP4w6VaDH+apDeHGPOvtmg3lkufL+mAislcT9KnxzLJBc/D739+XzhPxOBdkm63YC4sHQIQGAkBRO/wG+H0ZBePunVaqu8MP9TaevR9Yo9h2Rwv2ibX7Nomu6CBvC+ulOfwhztVpMtbhcIlpO39dTjOryfAbHtJzlIRH/CbS9XDCWzBhlP0BxJ/MCmb3zecw3zqaRs3XDwXQAAC4yeA6B1+j5yezKfLy+ZiBO8efqi19ugKYeeLRnThjSVkC1gr6I6DbSHJhS8sgK/Voo8/h0OKFsCOvRzr4Td7C3eP1uUsDRbDHF5rseGJLj2XpB8GgVse4sWSHpFoTLqFAAQg0IoAorcVrkYXOz3Z/aIrnc/WeW2nbCeG0/HlNWwryT/HxkXAGR8sfu8l6cItpnaSJKeie93I9nVXSR+oWMdTJD2txfq4NB2Bu4XQmfII9vI6o8acDlKmI0jPEIBAcgKI3uEROz3ZIVG3PlXu0+VTNj8Ov0a0gB0l+efYOAlsGmIpLYBv1SIcxd5epzyz99cp0JwKLZedU9K3gke3PAd7d/9Vkj3VWH4CX5Z0tWgab5V0l/xTYwYQgAAEziSA6B3+TnB6sndE3VpA3HT4odba44dC/Gh5UHvgfFobGz8Bx1XeOxx+u2yL6f5GkouuWADHmUladNP50odLelFFaxeBeVvnXmk4JAG/t324osOrS/rKkAPRFwQgAIE+BBC9fehVt3V6MqfzKtuPK2Ldhh85bY9HStorGgLhkZZ5qt4dc27v750lnbfFIF8P4vcNkk5t0a7rpRcKYRbOClA2i+/rdu2UdoMT8HmF20S9Oq/3jQcfiQ4hAAEI9CCA6O0Br6apH8f6kau/ls15Vqf8KPaVkh4QrelBkvxzbJoELCb9wcUC+PotluDwh59LOl7SeyR9TpLzUccZPlp0WXnpoZJ8j5XNYzusxrl5sfwErhA+5Md/S/zEy4V5MAhAAAKjIYDoTbMVTk/mU+Vlc2WtL6QZbi29vlSSS4yW7bWSXCELmz4BP6Gw+HUIxMU6LOf3Ib7785L86iuEXWbY5Ybj9yjuuQ6bk7CJDz36vimbPwBdccSZQBLioGsIQGDMBBC9aXan6nGf00k5NnKqdlTIBVuev8VNm/RYU137kubt1FN+VG0h41R78ROLNiz6COGq1H9Oj7edpF+0mQTXJiPgD0fO+OEDk2XbPxRASTYwHUMAAhDoQgDR24Xaxm2cnuyR0WVPlXTQxk1He0VVNSxiK0e7XYNMzEVW7hlS8Pkx9hDWRAjfMWSNiMdzZpTnDTEJ+hiEwDMkPSHqyWEvrhI45XLXg8ChEwhAYHwEEL1p9sTpyV4RdT31ylEObXCIQ9mOkOT8nNj8CbjUr2O6LYL7eH+rSJWFsGN1nylp6+jC70pyyMNf5496Eit0qWHn3/Vhw7KRO3kS28ckIbBMAojeNPtelcLHMY53kGSPmV87h5dL+foRoTM8jNmc5irOw/n9BackukjIyOHsB/7j7zKrf5N0RulV/Lvu5762/H9Nvm/aZtV1q/5vo3vQ63W5Waejcj++JxwPnLok9YMlOd/10IflNlov/19NoOpDsL27W0n6FdAgAAEIjJEAonf4XfGJ+BuFU+3D906PEEhLIBbETUS2hehmki4qyaWpbf730O8vTUIj0tKhdxPwBxx73l0cpGx+uuUPJxgEIACBURIY+o/SKBeZYFJ+vOs3fHtsL1/y3vrf8WPZBMPTJQQgEAhYlPuA27cl+bClxZizp/hFXGma2+ROgXW5d6eS8yHDH6QZkl4hAAEI9CeA6F3N0J6rWNT635eT5FPuGAQgMF4CDhdxRTkX04gPlo531uOfmQ+wXjua5tsl+QAiBgEIQGC0BBC9Zz6GdU7dIta2+OpDM8Wj2tFuIBODAAQaEXicpGc3upKLVhG4oaSPV1zgkK5PgA4CEIDAmAksRfR6ndtEwrbw4G6bIPawbs/9CNCPXZ283Y9jbS7n+r0JnEp37ta4EIWrcb1mzDd44rldMBzc+WLIaGDvv18Of9no+6GvK4/ZtO+qNnN9TyCn9DC/DPbo3j7q6rOSrjNM9/QCAQhAIB2Buf2B8yGycjhC8b2rA7kM8LrsZ6Hk8KWjAU8OOSzXNY8hx6k6rf0ySQ8dchD6yk6gj2B2W6c2+7WkTSRtUXr5A0L538X36/q9PFbSntnpTnsCPsfgD+jx3429avIqT3u1zB4CEJgdgSmK3rEcIvtjODRjr2359Q1Jv5NkD3J8qMOHbhxOMcW0S4je2f36j2JBR0qyaIrNBV5cea0Qx31E858k+QMoldz6bbmzMzgHedn8HufwsCm+p/WjQWsIQGByBMYsesdwiMzhCM6hWxa1Dkvwv3/UoLa8PV7+Y1025zX96uTuFAnRO8FNG/mU/Zjcj8tjOybktG4yfXuKyx7kXcK/XTzBT36cH/uVTTrimpUEXITCuajjksN+X3g57CAAAQhMgUBu0TuWQ2Q+4V2I2SLe1l+/FcIUuu7l+yXtFjXeT9LhXTvM2A7RmxH+TIe2uI1DDuwx9GN0f6jExkPgyRVl1F2Ewmcl/NQLgwAEIDB6AjlE72Ml7S/pYpJc3Wldc3BogSuIlUVt4cF1DG4KczlVnxov21TjYBG9Ke6QZfd5mKR9IwT+8OkMKth4CNi7ay9vXHL4YElPHM80mQkEIACB1QTWJThdsOFeoVpPfLhr6D2ygC17bQth6wMYztu5TqtK4v4/km6wzkkMNBaidyCQdPP/BKrKdTsTxo4wGhUBOylcArpsLvxxKUk/H9VMmQwEIACBFQRSil6f5L6tpPtI2j2UrhxqMzY6RDbUOH37qTrM9teQSWJqBz8QvX3vBtrHBCya4jCG0yRtCarREPDfCDsM4pLDr5N0v9HMkolAAAIQaEAghbBcAnAAACAASURBVOjdQdJ9w2PLizSYQ90lfQ+R9Rh60KZzOcyG6B30tqCzQMAeQ6c3K5sfo/v3BstP4HaSnO6tbH5vdhpIP0XDIAABCEyGwFCi9/yS9gli9/otV396ODBWhCEUoQl9D5G1nEayy+dymA3Rm+wWWXTH/n13We+yXUPSlxdNZTyL/6gkZ8Qo27vDU7zxzJKZQAACEGhAoK/odelJe3X3DofSGgz5f5dY4Lqalw91+XDZnG0uh9kQvXO+S/Ot7ThJt4iGdyqzd+SbEiMHAk6vWPXh42aSjocSBCAAgakR6CJ6i0NpjudyUvKm5seVR0h6fcid2bTd1K+by2E2RO/U78Rxzt9lrOPY0EdIevE4p7uoWb01ODTKi/6KpKsvigKLhQAEZkOgqejteijNsV/2CFjoHtUz5+1Uoc/lMBuid6p34Ljn7ZRXT4+m+EJJB4x72rOfnfPv+pDhOaKV3i04L2YPgAVCAALzI7CR6O16KM1VzFyAwSd8T5wfttYrmsNhNkRv622nQQMC95D0xug6V2m7Y4O2XJKOwIskPTzq/pRQznlqmWfSUaJnCEBgUgSqRG/XQ2k+he04PAtdx+nxxnjWrTCHw2yHSDowurvfJOmek7rjmezYCPhcwH9Hk/qCpJ3GNtEFzcflm53v3KWcy2bvu73wGAQgAIFJEiiLXntWnh3yMTqcoak5xsvhC/9BmqFaZHM4zOZ47LtEK/y8pGs1vVG4DgIVBMjVO77bwlUznxVNy1l2Lk7J4fFtFjOCAASaEyhEr0/jfqh5s//LobnEQ2ktEJ3t0jkcZqt63PlNSVfqCoV2EAgEyNU7nlvBDg+HMbhMfNmeK+nR45kmM4EABCDQnkAheo+RtGfD5q4o9hNJPw712F2T3f/21/h7X4tJczjMdj1JLqFcNk5yc3cPQYBcvUNQHKaPfSUdFnV1hs58D7MYxiAAAQhMlkAheu3ltbd3SHPmBnuE7cXxCWCXsvxEiBVzvXbHjPnl7/2au0Ce+mG2rcKHm/I94jW5ehYGgT4EyNXbh96wbV0U6ApRlz5oeK9hh6E3CEAAAusnUIje50n69/UPf7YRTwvityyG4+9/Ea5xfNnUbOqH2Xyv/EHSuSPw5yXOb2q34ujm68Ov94lm9QZJ9x7dTOc9oVtKel/FEp2X1091MAhAAAKTJlCI3s2C1/WCE1nN7yNPcew1tue4EMj+Ogabw2G2Ki8QJWPHcHdNew7O+rJHtAQ/KfLP3jXtpU1q9lUe9w9K2nVSq2CyEIAABGoIlLM3+Pv9JF0mPMb242xXX/PX8vebTIymwybicAqL5EIUxwL5T4nWN4fDbPYC2RtUNkrGJrphMnV7O0m+Vy8cUg++dA3zeIKkZ1SM49Ao328fWcMclj5EXcnhW0nyUyoMAhCAwOQJbFScomqBW1YI4bIoLoTyVGM9CzFcjjeuE8iOaW1qczjM9kpJD4gWTMnYpnfA+K/bWdLHomneQZIPuqY0P2k6VZJzhMfmkJobSPpyygnQt94j6dYRhxMkuUARBgEIQGAWBLqI3qYL9x8yi+GbSLJQ/qOki4ZUOMVXp8Xx935N0X5bOoxXDqeIvcfFYT3HLcchJPawfHUii6/K3+lUZo+cyPyZ5moC/gATFx9YV0lge5Y/LWn7iin+MghfZ3nAhifwFElPrejWmRycfx2DAAQgMAsCKUVvG0DnC4nPYzFciOL466ZtOh/JtX8O8/CHgbI5pMQlm6dgLk7h/MxlsxfQ3kBs+gRylwTeIgjfy1egdIrEa4dUidMnPY4VXFLSS2p+fx3m5cpsTleGQQACEJgFgbGI3jYwzxm8xa4OZDFcvOq8yFWPTNuMl/pa5zZ2RbsPSzp+5OWbq3L1fknSNVNDov+1EBhDSeBLSPqUJFdqi82eXoc62POL9SNwV0mO1/ZTuCqj2mI/vrSGAARGSGCKorctRscWWxiXRXLxfSyU/Yg1t1n8Fq+4GETuuZGrN/cOpB1/LCWBLxsKocRVwbx6x/Y69niKaQvT7l6z3l1xzWL3gSsudyjaVSR9v1mXXAUBCEBgGgSWIHrb7MR5Sp7jKpEce5XtdU5pPsRTFsG5D/OQqzflbo+j77GUBL5yEL5+xB7bJyXdNBS+GQe1aczCzCx4zbbOnKLMGVmcFhKDAAQgMCsCiN5+21knjOPQC//bgrqv+YR7WQR/p2+HHdqTq7cDtAk1GVNJYIcyuFpkXBDFOJ2/1+LsbxNim3OqdYfVijm5xPBDJb095yQZGwIQgEBKAojelHTP3vfmIcTinRVlPrvO4kclEexcpid17ahFO3L1toA1wUvHVhJ4N+n/0mlVPVXxocq7S3IhC6yawJWCd3dVmfm3BMHrD9UYBCAAgdkSQPSuf2urKrN9MaR0s2erj9kLW3iCnW81RTW6N0ryKf+y+ZHpw/pMnLajIfAaSfeLZpM7F7MPXb1ZUtX7lXNHP2g09MY1EefU9u9mXUEhe8nt3X3FuKbNbCAAAQikIYDoTcN1Va+rKrO5Gp6F7w3D175ZEb5QEsGfkOS8wn3tvypSHH0upJPq2zft8xN4oqSnR9NYV67eVav3was6ceY5H5wfXZIZ+HDtFcPL3trrSDpHKOZxsiSnQnR6sfJXv6/bQ371FTPyB+1DJH2zon3R39+TrIhOIQABCGQigOhdP/g2ldlcDaksgvtWR/p4KTWaDwP50FJb8x/KA6NGLirgdGbY9AnkztW7iuCquNQp5buuWqMzZxTi1r/nxfdVGSzWdZf5/aFKVMciu8u/27QhfGVdO844EJg5AURvng12+eIuldns+S2LYHuGu5ofbfqQkMMhPhpyozbp69/CI9PytQ55uFeTxlwzegJjyNW7CpK9vVXptuyV3FvS0SMnXBa0xfdXCIUgRj71bNOrE99Ov+ZDwi6g8RxJz8s2QwaGAAQmQQDRm2ebPivpWtHQ9qA+puV0LICLl0Mi+niFnPe0EMH2CPvxZ5VVid6XhdjAltPn8hESGEuu3jo0fs9yfK/jfGOz+Nld0gcyc3WFyVjcWti60lxdfG3mKc9ieL9/+n0UgwAEIFBJANGb58b4b0n2qJXtq5Ku1mM6jvO7SSke2CK4Ksdp0yF+VhLBDoVw7J8N0duU4HSvG0uu3jqCzuTgjA6OW43Nj813keQPlqnNHzLL4rYQti6ugeUh4PAcfyjCIAABCPwTAURvnpuiKjbRXiqnNXM1pCHM3qZYBPtxYFf7QRDBm1aEMuDp7Up1nO3GlKu3jpBz9/rJRFXGE4cP+UPl1wfC+68lcWuRa4+tX1sP1P9G3XxPkvfErx+Hi51e7MGSdlrR2O1c1fGvIdfxZi2++tqpGsJ3qjvHvCGQmACiNzHgFd1XedOcKup1iaZ0kUgE+xT4UHaYpPsM1Rn9ZCcwtly9dUD8JMNPTaqyFPxc0vVblNK199iHxwrPrUXt5YK4dSnz1GZh6pSDhbgtvroATZx60PHzTkXmD8l19ihJz+85aX+w2EgoN7lmoz5W/X9X8Y3w7bn5NIfAHAkgevPtqr2jD4mGt+fqFmua0iVDKdciPdpVe477mXAozqnR/PpVz/5ono/AOyTtEQ0/Vm/+liGUwd7Y2FysxbHzFsCFWSgWmREKUVt4bqsqvw29C78JoUIWtRa0ZZHrsuOrzFUdX1KRR7ncxplUnHt3HeEdQ7Op6s9/o1aJYqfT83tYlSF817FDjAGBCRFA9ObbLL9R+8BYbPY0nZBhWhYANy1lh9i+5xxcIc6vQgQPFbbRc1o0b0DA92UsJBzjvVWDtjku8eG7T0m6RMXgDgc4RpIznRTe23XM8adB3Pp3ORa4XcZ3/LK9u15DnT1X0qO7dD7xNlUf0oolIXwnvrlMHwJDEkD0DkmzfV9fqng0e5Ckp7bvavAWPlRXFsHb9BjBuT7txXaVuEIEk3uzB9DETV8laf+KMZ5cUbgi8VQ27N4fznyAzCL9gOAV3LDRgBc41v0b4YNqOSTBhSOGsmdIesKKzk4M3l2XOF+qIXyXuvOsGwItCCB6W8BKcKm9Ms4vWTY/8lzlzUkwjUZdXjeIYKcF2qJRi/qLHPpgEWyPokWwK7ph4yHgx8mnSTpvxZR2XJHOLtUKPJ8iM0IckuBY9dTmHMDOXuJXHHebMozHHzzt3XU2ijpzjmyHMzhsYumG8F36HcD6IbABAURv3lukKieqZ+RHmT5MNDbzYR+XMo7FkD25XQ+ceI2nBBHs1GgWwV8b28IXOJ8bh/CUeOkflLRrIh4+MFY+QFbE2lronj/RmOVufx+ErT23sbj1Pb5Oq0oNWB7fqdksdl+7zklNYCyE7wQ2iSlCIBcBRG8u8meNe6yk20XTOLTikFv+mZ4Z7uAKbmXzyXKLd/+fX8XBuD73lr3dRTywhbD/ja2fwMGSHl8x7MPDgaohZrSnJKfw2y4IW+ebTm2+ZwvPrb8WYQlO8ZXbXGHM3t07r5iIPxBb8OaI/c/Np8n4CN8mlLgGAgsk0EeYLBBXkiW7stR/Rj2/XtJ9k4zWr1NXOzow6uJwSftFP3OJ5ZuVRLAfifexL5figS2CfSofWw+Br0iKM3vY63mlFunA4pluG3I931+Ss4is2565QYzsuudTjLdXELyrDgw+SZJjfLHVBBC+3CEQgMA/EUD0juOm8Mlzx8za7NX0Hz+LjbGZq8ZdJZrUPpLetsFE/Ue8LIKdMqqPOeF+EQ9sERznMe3TN23PTuBWkt5bAeWoDbyRcROHJ/i+vrckh04M+d5jj6dDEuK4W38Ye1HNhvrnjxzRZjsVmb23deb3g4dJ+uiI5jz2qSB8x75DzA8CayYw5B+eNU99VsM5P+hdwuEhhzuM0eyRiz2szsDgOMy2h2icU7Usgu3562qew/EhFriICT69a2e0qyTw8lD9K/7PfSX9xwpmfn9xyIuvs+B1ntmu5hjWckhC8b1DE1zNsM58ULQujdcYnqjsHLy7VQU2ijWZvwUxGU/a3z0I3/bMaAGB2RJA9M52awdfmPNd+qR42XzozOVe+5oflRci2GVl++SD9WEke8M8t0IEu9oV1p2AS1rbk3rpqAsXfbDX3pkeyuaDZ/bo2tNalTt31Uz8Acrlgy1qy97bH3afvlwx0MK7ylzEYW9JffrvOjXHSztuus7M12J3oycpXcdfSjuE71J2mnVCYAMCiF5ukaYEHijpFdHFQ5Q6rRp/p+AhtBC2CHaMcFdz6INL1RYi2KEkWHsCfhJxREUzl812+WzvkUNdLHa9Z23MKev8QcVV31KITx+Oc1x4HJpTzNEZSVxG++g2k+5xrT8U+LDaLVf04fARhzP8pMc4ND2LAMKXuwECEBg0rg6c8yawdUglduGwTFfocliCHzunNmeEsAAuRPCmPQZ0Iv+yF9gFQrBmBN4k6e4Vlzq++tot09a5UpqfHDjl1nebDd/rKt8zLiSxyvPsD3UP7jXKxo19QNXxu1U5kIvWQ2bH2HhGy7kC4bucvWalEKgkgKeXG6MNAT/mvoYkhws4l+4f2jQe6Fp77QoB7HjR6/Xs14egyiLY+VmxagIWjA472LwjIJeidklgxwE77ZaLPqzTfO9YZN9T0rlqBnZohdOoDZ2+7ALBu2tPeJ35w4PDGfgglu6uQPimY0vPEBg9AUTv6LeICW5AwEK8LIJXHQhqAtOPwYtYYIvhFI/bm8xjbNdsKcnp9RzScpmWkzNHp7Z7i6TftWyb4nLfIxbfdQco/WHO8chDxdLuHgSvD3DW2bNqciKnWP/S+0T4Lv0OYP2LJYDoXezWz3bhLktbFsF9SzqfHLJWvFDSkbOlVr2wTSTdOhwCu60k/7up+WmA0++9J8TrOuXWj5o2XsN1TqHmeGQfYqsze6Qd7tDnicazJbl0d505tMPe3fetYc0McRYBhC93AwQWSADRu8BNX9iSXS2uyAzhr/53V/u1JMe1Wvx+rGsnE2h3zXAgzWEARQz3ENM2P4tfv+xR98vfr7vEb3ktPoTnGNu6dGoOc3C4g8Meqszvof6gtU30sjfZ+Yi3WAHOKdMsePuI6iH2Zal9IHyXuvOse7EEEL2L3frFLtwn5wtPsL9asHQxH+Sz+PUjcGeHmLq5/K0PqVkE9i0e0oaF43rtEY6F8Dq9wleQZAHkr1X2F0lvkOR471jc+t9tPODu3yEeFrsO+cDyEkD45uXP6BBYKwFE71pxM9gICVwtEsGOEW5rPy0JYB9GmoptJul2wavrMIZztpi4PaAWyg4TSGEpvcJV3lnHKbuARt9wmI1YONzDgvf7G13I/6+NAMJ3bagZCAJ5CSB68/Jn9PERcDnowhN88w7lcp1XtfAA+wDXGM1rdBaBu7XMgezCEfZsO9a1WNtBoWiFMzP4kb5fXT44NOHUxCvs6obOMlHlkS3/rK13tsn8NrrmsZJcIQ4bHwGE7/j2hBlBYHACiN7BkdLhzAg8Q9KVJe3SIb7VuWgLAeyMEDnNgs8xus4Tu32LifxN0geD0P2vBvG3fk9xlgKLX3vRi6+X7fABouk0fWjOIQgee1X+26b9DX2d5+biHm8fumP6G5QAwndQnHQGgfERQPSOb0+Y0TgJOGWXQwCK14VaTtMC2F5SV9palwfYh7PuELy6t5DkPLVNzfl4HXPql8vh9jWHQVw1EsMpvcJ959umvQ/ieX9PiV6OjfbPny7pjDYdcm02AgjfbOgZGALpCSB60zNmhPkR8OG3sgBedUK/avUWRxbA9pymiAH2gbSnhbCDuiIMVfM6LZQadvjCZ9ewbTm8wm2X5RLFDteoi3f2gcbbS6K8dVuy470e4TvevWFmEOhFANHbCx+NISB7gG8TRLC/XrAlE+cBtgD2o+8hBLAr1DmUounvtj2Q7w3hC8eGanstlzD45evwCtd5Z8veWu+NQyec5s77s1PNSs3wSSFe9x+D06DDHAQQvjmoMyYEEhNo+ocx8TToHgKzIOCcti7iUHiB2wrgk4IA9h/crmnQPizJ5Zk3MufIdeiCU3HZwzt2q/MKb1cx8VMrQg3i0INftlywPeYuNHHAig8Ux4diFx4fmz4BhO/095AVQOBsBBC93BAQSEPAMb97lATw5i2HcZ5ae4Df2aIQhr3OjiHdtGYsx+a+WdJrJDlmdw7mg2u3CqnT/EGh8M6mWttuoZxyXUy3wx2c+mwIr32qNdBvcwKrhO9zJT26eVdcCQEI5CaA6M29A4y/BAKO+XXcZ+EBvkDLRZ8YskC8K5T0rWteV/L23ZJeFUoCOxsD1o/A1iEe26EkVebUas764XRu/h6bNoFVwveQDcpMT3vlzB4CMyOA6J3ZhrKc0RNwyIMzKlgAOwa4bXGHHwYB7CIHHymt1l5eezmdp7Zsr5T0oNFTmd4EfbDtqZIevyIrhr29e0ty7mZs2gTqhK89+1tNe2nMHgLLIYDoXc5es9LxEXDIw51KHuC2AvgHQQD7IJrzwD4gWqLzw7rSmCvGYWkIOH76iFCdrmqEX4W9+UCa4el1TQT8u+UPkLF9UdKOa5oDw0AAAj0JIHp7AqQ5BAYi4JCHO5cE8BBVzXyozR5li18sHQGnsHP8dd0BQmd0eF7wCpOvN90+pOrZxVa+VlH4xL9XO0jyh08MAhCYAAFE7wQ2iSkujoAFsA9D7R5Ea58qY378+mJJL5fknLNYGgJ+L31cyI9cl9P38yG0xVk6sOkQcD5thyTFdtdwqHE6K2GmEFg4AUTvwm8Alj96Ag55sAC+XRDArrLWxf4g6VBJzyfcoQu+xm18uM0iyYfdquw3klw8xIcLsfETqAtrcAaU/cc/fWYIAQiUCSB6uR8gMB0CDnlwCEQfAezsDcdJeqik705n6ZOaqdOZvUWS05vV2ctCzl8Xv8DGSaAurMHpBK8i6fRxTptZQQACdQQQvdwbEJgmAYc8WADvGTzAcdaGJquy6H1h8AA3uZ5r2hF4ZKjStklNMxcIcSo7Z+TAxkegLqzBT16OHt90mREEILARAUTvRoT4fwiMn4BDHiyAi1Rom7Wc8h8lvT+IX3uBseEIuHTxUZK2renyd5LuGw7CDTcqPfUlQFhDX4K0h8AICSB6R7gpTAkCPQjY42sB7FRozgNc52WsG8I5ZZ2JwHmASbPVYyNKTR2X/cbg1a3r8XWS/k3Sn4YZkl56ECCsoQc8mkJgzAQQvWPeHeYGgX4E7PG1APYp81tKqssqUDfKt4P4fV/wBPebDa1dJOQFFQVECjInhHAVf8XyESCsIR97RoZAUgKI3qR46RwCoyGwaRC/j5B0dUltf/ctgF0Ewy+HQmDdCFxZkqt7bVfT3Fk2fMjw9d26p1VPAoQ19ARIcwiMmUDbP3xjXgtzgwAEmhFwCMSzJe0ryWWR25oFsL2/FsD+irUj4EOIh4USxXUtHWKynySLYGw9BAhrWA9nRoFANgKI3mzoGRgCoyCwa6gWdrWOs3HBi5MlPVPSf0py9TGsGQF/6HDqsrrqe98L4Q5fb9YdV/UkQFhDT4A0h8DYCSB6x75DzA8C6yHgkIfHSNpH0jk6DulKYy63+1o8lI0JXiGkv3LYQ5X9WdK/h4p6jTvlwtYECGtojYwGEJgeAUTv9PaMGUMgJQGn1rLIchqtrtXffi3JFateJOnHKSc7k7594PAlG1T4cgU3V3JzRTdsWAKENQzLk94gMFoCiN7Rbg0Tg0BWAhcJB6oe3jHu15M/Q9KRkp4r6YtZVzONwV2owqnNnOKsyuxJdy7mz09jOZOZJWENk9kqJgqBfgQQvf340RoCcyfgeNP7SXq0pEv0WOzHQ7quY4j7XUnRnnYzcrhJlbls8eNDGEmP7aBpIEBYA7cCBBZEANG7oM1mqRDoQeBcIeXZEyQ5DrWrfV/Si4n7XYnPBUXsHbeXvc5cOOQukn7VdSNoJ8IauAkgsDACiN6FbTjLhcAABCy2nHLLqc+6GnG/G5PbXdKbV4SXuHreHSV9auOuuKKCAGEN3BYQWBgBRO/CNpzlQmAgAi52cWDI9bt9jz6J+10N71KhLPT1ai77m6SDJB0s6e899mFpTe1Jf1TFon0Ac/+lwWC9EFgKAUTvUnaadUIgHQGHO9wnCOCL9RiGuN9qeC4fbVHruOq692yz20vSz3rwn3tTH868l6SHSbpMxWJ/JOkqkk6fOwjWB4GlEkD0LnXnWTcEhifguF8/kne6M3/tmu+XuN/qvblp8PpavFXZqaHK2/HDb+1ke/TfuJtLun/IfOF46Trzh4ajJ7tSJg4BCGxIANG7ISIugAAEOhDYOnh+nfnhsh3auwlxv/8M7uKSjpJ0oxqmroj3LElPluTQh6WaM4244p1DFaq8ujGXb0iqKxCyVIasGwKzI4Dond2WsiAIjI7AjYP31560LgUviPs9+5bag/6k8HLoQ5X5cJsPufmw21LMLG4dvLq3bfGkwR8Odpb0P0sBxTohsFQCiN6l7jzrhsD6CWwu6W5BAF+r4/DE/Z4FzkLtrZLsVa8y5/R1JTdnKficpBNmetjNnlyH1DiEYasW95WrBVro+kDbD1u041IIQGCiBBC9E904pg2BiRO4WhAqPli0RYe1nBiKXbxW0h86tJ9LE8f3Oq3Zbg0W9PtQGc8V3fyashB2bO6eoXCK1970b9kfQ1y0szR8ogEzLoEABGZEoOkbxYyWzFIgAIEREdgsHDCyp84Hjtq+J1nEvFzSCyXZc7dUc/q4QzosfmpC+PLhw5KzhdQd6KvC8KVQEOUNZGfocJfQBAIzIdD2D8xMls0yIACBERLwY2qLGR9+a1vy2Dlq/Rj/mcGbOcLlJZ/STpLeL2nLniONTQi7CMqdQviC48ObmlOPHSHJXl17tTEIQGDhBBC9C78BWD4ERkjAB7V2DR6920talWaqavoWbS8IGQxGuLykU9omCLw2sa1NJpRDCF81fAC694qqdFVz9yE+C923LDz0pcm+cg0EFkUA0buo7WaxEJgcAT/Cvkfw8l2p5eyPDXGfLZvN4nJ7zH3QzR8gfGhwhxbZDJoCSCGEzy9pn7Df1206EUmnSXqTpEPDgb0WTbkUAhBYCgFE71J2mnVCYPoELIJ8Qt/5V+tSdcWrfI6kx05/6b1XcF5J15TkEAi/xiaErx321tk9ztditR8JXl3nLv5Li3ZcCgEILJAAoneBm86SITBxAhZwB4SqbxZwq8IfXFq2SXGCiSPpNP3cQvgCwYv/AEkOZWhqP5d0uKRXSXL1PgwCEIBAIwKI3kaYuAgCEBgpgQsFD6GzF1Sd5ndeXz/mx5oRWJcQdsERh140LVXtg4rHBa/uOyS5PQYBCECgFQFEbytcXAwBCIyUgMMd9pD0OkkWwrY/Sdpe0ikjnfNUprUuIVzF42RJhwWxe9JUgDFPCEBgnAQQvePcF2YFAQh0J+AYXj8uf7ikU7t3Q8sVBFIKYXtxXUnOGRjeO9MqctxcEIBABgKI3gzQGRICEIDADAn0FcKOz7Wn3lX2HLeLQQACEBiUAKJ3UJx0BgEIQAACJQJVQriceu4fko6U9GpJH5bkf2MQgAAEkhBA9CbBSqcQgAAEIFBD4MIh+4b//jw/5NgFFgQgAIHkBBC9yREzAAQgAAEIQAACEIBAbgKI3tw7wPgQgAAEIAABCEAAAskJIHqTI2YACEAAAhCAAAQgAIHcBBC9uXeA8SEAAQhAAAIQgAAEkhNA9CZHzAAQgAAEIAABCEAAArkJIHpz7wDjQwACEIAABCAAAQgkJ4DoTY6YASAAAQhAAAIQgAAEchNA9ObeAcaHAAQgAAEIQAACEEhOANGbHDEDQAACEIAABCAAAQjkJoDozb0DjA8BCEAAAhCAAAQgkJwAojc5YgaAAAQgAAEIQAACEMhNANGbewcYHwIQgAAEIAABCEAgOQFEb3LEDAABCEAAAhCAAAQgkJsAojf3DjA+BCAAAQhAAAIQgEByAoje5IgZAAIQgAAE4lhvtgAABvtJREFUIAABCEAgNwFEb+4dYHwIQAACEIAABCAAgeQEEL3JETMABCAAAQhAAAIQgEBuAoje3DvA+BCAAAQgAAEIQAACyQkgepMjZgAIQAACEIAABCAAgdwEEL25d4DxIQABCEAAAhCAAASSE0D0JkfMABCAAAQgAAEIQAACuQkgenPvAONDAAIQgAAEIAABCCQngOhNjpgBIAABCEAAAhCAAARyE0D05t4BxocABCAAAQhAAAIQSE4A0ZscMQNAAAIQgAAEIAABCOQmgOjNvQOMDwEIQAACEIAABCCQnACiNzliBoAABCAAAQhAAAIQyE0A0Zt7BxgfAhCAAAQgAAEIQCA5AURvcsQMAAEIQAACEIAABCCQmwCiN/cOMD4EIAABCEAAAhCAQHICiN7kiBkAAhCAAAQgAAEIQCA3AURv7h1gfAhAAAIQgAAEIACB5AQQvckRMwAEIAABCEAAAhCAQG4CiN7cO8D4EIAABCAAAQhAAALJCSB6kyNmAAhAAAIQgAAEIACB3AQQvbl3gPEhAAEIQAACEIAABJITQPQmR8wAEIAABCAAAQhAAAK5CSB6c+8A40MAAhCAAAQgAAEIJCeA6E2OmAEgAAEIQAACEIAABHITQPTm3gHGhwAEIAABCEAAAhBITgDRmxwxA0AAAhCAAAQgAAEI5CaA6M29A4wPAQhAAAIQgAAEIJCcAKI3OWIGgAAEIAABCEAAAhDITQDRm3sHGB8CEIAABCAAAQhAIDkBRG9yxAwAAQhAAAIQgAAEIJCbAKI39w4wPgQgAAEIQAACEIBAcgKI3uSIGQACEIAABCAAAQhAIDcBRG/uHWB8CEAAAhCAAAQgAIHkBBC9yREzAAQgAAEIQAACEIBAbgKI3tw7wPgQgAAEIAABCEAAAskJIHqTI2YACEAAAhCAAAQgAIHcBBC9uXeA8SEAAQhAAAIQgAAEkhNA9CZHzAAQgAAEIAABCEAAArkJIHpz7wDjQwACEIAABCAAAQgkJ4DoTY6YASAAAQhAAAIQgAAEchNA9ObeAcaHAAQgAAEIQAACEEhOANGbHDEDQAACEIAABCAAAQjkJoDozb0DjA8BCEAAAhCAAAQgkJwAojc5YgaAAAQgAAEIQAACEMhNANGbewcYHwIQgAAEIAABCEAgOQFEb3LEDAABCEAAAhCAAAQgkJsAojf3DjA+BCAAAQhAAAIQgEByAoje5IgZAAIQgAAEIAABCEAgNwFEb+4dYHwIQAACEIAABCAAgeQEEL3JETMABCAAAQhAAAIQgEBuAoje3DvA+BCAAAQgAAEIQAACyQkgepMjZgAIQAACEIAABCAAgdwEEL25d4DxIQABCEAAAhCAAASSE0D0JkfMABCAAAQgAAEIQAACuQkgenPvAONDAAIQgAAEIAABCCQngOhNjpgBIAABCEAAAhCAAARyE0D05t4BxocABCAAAQhAAAIQSE4A0ZscMQNAAAIQgAAEIAABCOQmgOjNvQOMDwEIQAACEIAABCCQnACiNzliBoAABCAAAQhAAAIQyE0A0Zt7BxgfAhCAAAQgAAEIQCA5AURvcsQMAAEIQAACEIAABCCQmwCiN/cOMD4EIAABCEAAAhCAQHICiN7kiBkAAhCAAAQgAAEIQCA3AURv7h1gfAhAAAIQgAAEIACB5AQQvckRMwAEIAABCEAAAhCAQG4CiN7cO8D4EIAABCAAAQhAAALJCSB6kyNmAAhAAAIQgAAEIACB3AQQvbl3gPEhAAEIQAACEIAABJITQPQmR8wAEIAABCAAAQhAAAK5CSB6c+8A40MAAhCAAAQgAAEIJCeA6E2OmAEgAAEIQAACEIAABHITQPTm3gHGhwAEIAABCEAAAhBITgDRmxwxA0AAAhCAAAQgAAEI5CaA6M29A4wPAQhAAAIQgAAEIJCcAKI3OWIGgAAEIAABCEAAAhDITQDRm3sHGB8CEIAABCAAAQhAIDkBRG9yxAwAAQhAAAIQgAAEIJCbAKI39w4wPgQgAAEIQAACEIBAcgKI3uSIGQACEIAABCAAAQhAIDcBRG/uHWB8CEAAAhCAAAQgAIHkBBC9yREzAAQgAAEIQAACEIBAbgKI3tw7wPgQgAAEIAABCEAAAskJIHqTI2YACEAAAhCAAAQgAIHcBBC9uXeA8SEAAQhAAAIQgAAEkhNA9CZHzAAQgAAEIAABCEAAArkJIHpz7wDjQwACEIAABCAAAQgkJ4DoTY6YASAAAQhAAAIQgAAEchNA9ObeAcaHAAQgAAEIQAACEEhOANGbHDEDQAACEIAABCAAAQjkJoDozb0DjA8BCEAAAhCAAAQgkJwAojc5YgaAAAQgAAEIQAACEMhNANGbewcYHwIQgAAEIAABCEAgOYH/BeTNbvagJbbuAAAAAElFTkSuQmCC',
	'2019-04-21 19:55:17.075+01',
	'Roll-ups',
	true,
	false,
	'none stated'
);

INSERT INTO medication_usage (
	medication_usage_id,
	medication_name,
	medication_dose,
	medication_frequency
) VALUES (
	999999,
	'penicillin',
	'500mg',
	'twice daily'
);

INSERT INTO medication_usage (
	medication_usage_id,
	medication_name,
	medication_dose,
	medication_frequency
) VALUES (
	999998,
	'paracetamol',
	'500mg',
	'weekly'
);

INSERT INTO medication_usage (
	medication_usage_id,
	medication_name,
	medication_dose,
	medication_frequency
) VALUES (
	999997,
	'cetirizine hydrochloride',
	'500mg',
	'weekly'
);

INSERT INTO history_prescription_medication_usage (
	medication_usage_id,
	history_id
) VALUES (
	999997,
	999999
);

INSERT INTO history_prescription_medication_usage (
	medication_usage_id,
	history_id
) VALUES (
	999998,
	999998
);